YearMonth,GPR,GPRC_KOR,GSCPI,UP_수산화리튬,UP_탄산리튬,UP_흑연_기타,UP_흑연_인상,UP_희토류화합물,HHI_수산화리튬,HHI_탄산리튬,HHI_흑연_기타,HHI_흑연_인상,HHI_희토류화합물,VOL_수산화리튬,VOL_탄산리튬,VOL_흑연_기타,VOL_흑연_인상,VOL_희토류화합물,VOL_CHG_수산화리튬,VOL_CHG_탄산리튬,VOL_CHG_흑연_기타,VOL_CHG_흑연_인상,VOL_CHG_희토류화합물,Bat_Export_UnitPrice,Bat_Import_UnitPrice,PPI_리튬이온,Energy_Index,Metals_Minerals_Index,EV_Export_UnitPrice,EV_Import_Unit_Price,LOG_UP_흑연_인상,LOG_UP_흑연_기타,LOG_UP_탄산리튬,LOG_UP_희토류화합물,LOG_UP_수산화리튬,LOG_Bat_Export_UnitPrice,LOG_PPI_리튬이온,DIFF_LOG_UP_흑연_인상,DIFF_LOG_UP_흑연_기타,DIFF_LOG_UP_탄산리튬,DIFF_LOG_UP_희토류화합물,DIFF_LOG_UP_수산화리튬,DIFF_LOG_Bat_Export_UnitPrice,DIFF_LOG_PPI_리튬이온,D_graphite_shock,D_ukraine,D_covid
2015-01-01,111.99,0.12,-0.5165868630825412,123.0,5.304347826086956,2.253698457664463,1.2585136975934617,142.32558139534885,7168.352171326591,7076.453513058207,8367.911425985458,6998.953922321231,4884.072365329574,1.0,1138.5,317.7,1321.4,4.3,,,,,,38.52950262588816,64.36182198615806,97.36,63.74908099905,73.8531946875,,,0.2299314195971425,0.8125726256851751,1.6685268288041069,4.958117259812809,4.812184355372417,3.6514242498054137,4.578415448679272,,,,,,,,0,0,0
2015-02-01,111.92,0.12,-0.3268265733311409,17.34806629834254,5.288378766140602,2.792534099066762,1.5750456204379562,84.82142857142858,5080.327802344923,7509.417001874493,6926.13715214676,5378.617746482861,4341.761772853184,18.1,1394.0,139.3,876.8000000000001,5.6,1710.0000000000002,22.441809398331134,-56.15360402895813,-33.64613288935976,30.23255813953487,38.44996359517838,59.65144454799627,97.59,73.7661946658,72.37040325316,,,0.454284237215541,1.0269494628326863,1.6655117274692446,4.4405482062935375,2.8534810476364734,3.6493577491418,4.5807750291533695,0.2243528176183985,0.2143768371475112,-0.003015101334862269,-0.5175690535192716,-1.9587033077359437,-0.0020665006636138017,0.0023595804740974557,0,0,0
2015-03-01,104.24,0.11,-0.3918977637373423,11.32,5.430325932923949,2.0817228050800662,1.9466800804828972,140.23809523809524,5564.434566544718,8190.401405541682,7432.191882022669,4346.389736490492,5809.478238561517,25.0,1058.5,362.2,596.4,4.2,38.12154696132595,-24.0674318507891,160.01435750179468,-31.97992700729928,-24.99999999999999,37.30921508462833,60.216206714712605,98.86,71.14510517814,71.77724587365,,,0.666125398807308,0.733195822558643,1.6919991566239956,4.9433416583622645,2.4265710727750367,3.6192403493443455,4.593704707878813,0.21184116159176702,-0.29375364027404327,0.026487429154750997,0.5027934520687269,-0.42690997486143667,-0.030117399797454425,0.012929678725443594,0,0,0
2015-04-01,102.19,0.2,-0.3643676519784304,15.471698113207546,5.42319534724598,2.6541554959785523,1.565750574838498,210.0,5009.637120761451,9639.431903828556,7027.344148556269,5700.454789965278,4511.546115044657,26.5,1461.5,223.8,913.3,4.2,6.000000000000005,38.07274444969296,-38.21093318608503,53.13547954393025,0.0,36.81858781496803,56.9750246467302,96.72,73.35885198935,72.13660554901,,,0.4483653095563199,0.9761265234848201,1.6906851891990797,5.3471075307174685,2.739012426706177,3.6060028213205766,4.571820206306537,-0.2177600892509881,0.24293070092617708,-0.0013139674249158517,0.403765872355204,0.31244135393114014,-0.013237528023768874,-0.02188450157227617,0,0,0
2015-05-01,76.26,0.13,-0.5563028504684528,12.882352941176473,5.32962470939887,2.3194614443084456,1.321804001356392,129.79591836734693,5158.566335147308,9547.4192145674,5894.3477140927735,6722.309081685599,4362.811993196472,17.0,1204.4,163.4,1474.5,4.9,-35.84905660377359,-17.5915155661991,-26.98838248436104,61.447498083871686,16.666666666666675,36.05374437320965,54.74036850921273,96.72,79.25739760999,74.63688614214,,,0.27899747125222996,0.8413350226565238,1.6732808247041993,4.865963358223541,2.555858385760285,3.585010724445698,4.571820206306537,-0.16936783830408997,-0.13479150082829627,-0.017404364494880475,-0.48114417249392716,-0.18315404094589205,-0.020992096874878463,0.0,0,0,0
2015-06-01,85.91,0.15,-0.8757124470076767,9.927184466019416,5.585876198779425,2.413793103448276,1.3818156656518128,79.6629213483146,6567.452370562108,8949.932556061563,6283.755102040816,6195.575285813046,3827.894827932624,41.2,1147.0,145.0,1445.2,8.9,142.3529411764706,-4.765858518764532,-11.260709914320689,-1.9871142760257696,81.63265306122449,36.15950764545397,51.88341601700922,98.55,76.68485816076,70.3133685838,,,0.32339833414233,0.881199412062885,1.720241304509651,4.377804249794033,2.295276899687321,3.5879399194316637,4.590564033598729,0.044400862890100035,0.03986438940636117,0.046960479805451705,-0.4881591084295085,-0.26058148607296383,0.0029291949859655553,0.018743827292191817,0,0,0
2015-07-01,106.81,0.11,-0.4183960394315089,10.451807228915662,5.512844670560895,2.6241846462619165,1.3537862186510834,76.05263157894737,6103.281316180684,9646.69640498891,8176.866072701613,6612.141941123361,5345.781300511248,33.2,1592.1,199.3,1232.1,7.6,-19.417475728155345,38.80557977332171,37.44827586206898,-14.745363963465252,-14.60674157303371,35.57088138644118,52.589545014520816,98.55,69.97397856757,65.74767692707,,,0.3029052732880694,0.9647702368461738,1.7070807640901589,4.331425621380092,2.346774904024416,3.5715273645805903,4.590564033598729,-0.020493060854260614,0.08357082478328881,-0.013160540419492106,-0.046378628413941136,0.05149800433709517,-0.016412554851073402,0.0,0,0,0
2015-08-01,82.48,0.13,-0.6892230742499724,12.957198443579763,5.516668716939353,2.545668827342369,1.4606021780909673,136.046511627907,5083.371659948237,9005.455555023638,4861.432613168723,5400.219298245615,4254.306377383299,25.700000000000003,1625.8,169.7,936.6,4.3,-22.59036144578313,2.1167012122354167,-14.851981936778737,-23.98344290236183,-43.42105263157895,35.87947390682592,57.06682536983506,98.55,60.2653078988,62.65317938594,,,0.3788488014330543,0.9343934160039297,1.7077741848055312,4.91299682453234,2.5616514980792693,3.5801653745085704,4.590564033598729,0.07594352814498495,-0.030376820842244134,0.0006934207153723726,0.5815712031522482,0.21487659405485315,0.00863800992798014,0.0,0,0,0
2015-09-01,98.77,0.12,-0.4042948474632959,110.0,5.672477324263038,2.395727365208545,1.2625866747060597,51.64893617021277,7024.793388429753,8868.004186952176,8516.685373758683,6042.22826121661,4877.333505861539,0.1,1411.2,196.6,1658.5,18.8,-99.61089494163424,-13.199655554188706,15.851502651738356,77.07666026051676,337.20930232558135,35.57634118027671,50.97215103365796,105.26,60.30927899984,63.40239009603,,,0.23316253304337503,0.8736868863033516,1.735625940178288,3.9444695984554214,4.700480365792417,3.571680843343338,4.656433479925633,-0.1456862683896793,-0.060706529700578105,0.02785175537275686,-0.9685272260769184,2.1388288677131473,-0.0084845311652324,0.0658694463269045,0,0,0
2015-10-01,91.93,0.06,-0.2505435268508678,86.25,5.721661400940125,2.373853211009174,1.1942831038308426,137.87878787878788,9574.669187145557,9617.286036572232,8704.828584097644,5385.445967332558,4925.564545344764,1.6,1297.7,436.0,1532.3,6.6,1500.0,-8.042800453514742,121.77009155645982,-7.609285498944828,-64.8936170212766,35.93735525706345,51.91699604743083,102.02,60.50797016356,62.21665659974,,,0.1775460922513361,0.864514462350435,1.7442592179277154,4.9263749504785155,4.457250055911469,3.5817772909199195,4.625168872494781,-0.055616440792038924,-0.009172423952916509,0.008633277749427348,0.981905352023094,-0.24323030988094718,0.010096447576581458,-0.031264607430852465,0,0,0
2015-11-01,150.72,0.11,-0.6497179548265377,73.33333333333334,5.606296273253281,2.222465034965035,1.1927160327912911,174.50704225352115,9132.23140495868,9215.803281950331,9085.768097698035,5948.03570720095,5081.677600658188,0.6,1607.3000000000002,457.6,1488.2,7.1,-62.5,23.85759420513216,4.954128440366956,-2.878026496116948,7.575757575757569,35.743439640628495,51.645050073879496,102.02,55.87089746843,57.8325425273,,,0.176233086946355,0.7986169559829718,1.7238903006599418,5.161965097581873,4.295015257684252,3.576366745744782,4.625168872494781,-0.001313005304981102,-0.06589750636746328,-0.02036891726777368,0.23559014710335724,-0.16223479822721742,-0.005410545175137393,0.0,0,0,0
2015-12-01,148.24,0.11,-0.6094954662228435,83.0,6.2510418403067165,2.427542596170736,1.1674110580625288,63.22580645161291,9415.735230076936,8747.487288888886,9252.493816507884,5812.946860576019,6777.326576889258,2.0,1199.8000000000002,569.3000000000001,1298.6,9.3,233.33333333333331,-25.353076588066937,24.409965034965065,-12.740223088294576,30.985915492957727,34.64553387161012,47.15107913669065,102.02,48.30035030932,56.31368037882,,,0.15478852612793048,0.8868794683705791,1.8327481443054088,4.146712547739416,4.418840607796598,3.5451688247343234,4.625168872494781,-0.021444560818424524,0.0882625123876073,0.10885784364546702,-1.0152525498424563,0.1238253501123463,-0.031197921010458707,0.0,0,0,0
2016-01-01,118.21,0.48,-0.8048783110341621,88.63636363636363,6.061811505507957,2.5269745360379803,1.2636924192963366,79.74358974358974,9697.041420118348,7757.19856047902,8551.32686376793,5682.028785683876,5509.765200938782,2.2,1307.1999999999998,463.4,1378.5,3.9,10.000000000000009,8.951491915319188,-18.601791673985613,6.152779916833495,-58.06451612903225,34.17337984607639,50.542668957617416,102.02,40.85613576544,55.21308139438,,,0.23403792694859665,0.9270227515994416,1.8020086837127032,4.3788163590436335,4.484542198199477,3.5314469739098344,4.625168872494781,0.07924940082066617,0.040143283228862514,-0.030739460592705603,0.2321038113042171,0.06570159040287837,-0.013721850824488957,0.0,0,0,0
2016-02-01,103.75,0.36,-0.7588251232911887,40.0,5.983479607640682,2.485406376290974,1.0470085470085468,156.17021276595744,10000.0,8259.259452263748,8390.239006274436,7441.74998890296,3842.741426545597,0.1,1743.3,445.4,982.8,4.7,-95.45454545454544,33.36138310893515,-3.8843331894691246,-28.705114254624583,20.512820512820507,33.66622428666224,57.21193639729906,105.9,42.84032596702,57.68103065508,,,0.0459370951870254,0.9104361778853696,1.7890022729268016,5.050946519898503,3.6888794541139363,3.5164950880866876,4.662495252607361,-0.18810083176157125,-0.016586573714072017,-0.01300641078590159,0.6721301608548691,-0.7956627440855404,-0.014951885823146771,0.03732638011257983,0,0,0
2016-03-01,109.72,0.43,-0.6635597446025654,90.5,6.375654381048068,2.3732357553580767,1.338738894160269,29.384615384615383,9462.775861542686,8342.773542518025,8137.383803295231,5278.506616005952,4412.312040666527,2.0,1891.1,382.6,1159.3000000000002,19.5,1900.0,8.478173578844729,-14.099685675797048,17.958892958892967,314.8936170212765,34.599711627587624,59.76872246696036,105.58,48.74117216575,61.19185775563,,,0.29172804706680816,0.8642543215951409,1.8524867337840836,3.3804712511450385,4.505349850705881,3.5438453475661613,4.65946895939547,0.24579095187978275,-0.04618185629022864,0.06348446085728199,-1.670475268753464,0.8164703965919444,0.02735025947947367,-0.0030262932118905184,0,0,0
2016-04-01,85.22,0.26,-0.2810788552023313,98.42105263157896,7.102244997559785,2.266843677397943,1.2510785159620363,116.85185185185183,9893.620063484805,6703.960870546698,8212.733847957827,5467.277344724826,4595.954902665002,1.9,1639.2,301.29999999999995,1043.1,5.4,-5.000000000000004,-13.320289778435823,-21.24934657605855,-10.023289916328835,-72.3076923076923,34.48383733055265,60.602142593276696,101.96,52.27638246936,61.99894560548,,,0.22400599207486846,0.8183884134345347,1.9604109309069908,4.760906908970984,4.589254730682192,3.5404907310924,4.6245805795079145,-0.0677220549919397,-0.045865908160606206,0.10792419712290724,1.3804356578259456,0.08390487997631091,-0.0033546164737612294,-0.034888379887555665,0,0,0
2016-05-01,88.33,0.25,-0.7168567654388708,40.0,7.176904176904177,2.4521330198186093,1.3956491506903743,51.22699386503067,6250.0,9101.30585856635,7935.072246200037,4934.522105849723,4523.604288429129,1.9,1628.0,297.7,1006.7,16.3,0.0,-0.683260126891172,-1.194822436110177,-3.489598312721698,201.85185185185185,34.11717301958256,59.41004102363743,104.09,57.65393070474,59.97948963399,,,0.33335964803246837,0.8969582661207061,1.970868116945146,3.9362666170381386,3.6888794541139363,3.529800865134108,4.645255909527377,0.10935365595759991,0.07856985268617134,0.010457186038155264,-0.8246402919328455,-0.9003752765682553,-0.010689865958291911,0.0206753300194622,0,0,0
2016-06-01,90.17,0.17,-0.2923233220174812,23.75,7.396424134392049,2.5932035631804684,1.4823239503364611,43.24742268041238,9002.770083102494,9064.760972781136,8088.851336039728,3810.079408167136,5264.866369947763,0.8,1851.3,303.1,1055.1,19.4,-57.89473684210527,13.716216216216214,1.813906617400085,4.8077878215953,19.01840490797544,33.67359499191109,59.40609951845907,104.0,60.2313572061,60.25668067631,,,0.39361109295721003,0.952894008365449,2.000996658337103,3.766937640397924,3.1675825304806504,3.5167139988398572,4.6443908991413725,0.06025144492474166,0.05593574224474296,0.030128541391956754,-0.16932897664021462,-0.5212969236332858,-0.013086866294250932,-0.0008650103860041725,0,0,0
2016-07-01,114.61,0.27,-0.1753161451866044,134.0,7.206314494635413,2.528658125421442,1.663230986221113,172.6,8618.84606816663,8948.993644389317,6958.897777777778,3447.533263633844,5438.612509382103,1.0,1463.3,296.6,921.7,5.0,25.0,-20.958245557176035,-2.1445067634444093,-12.643351341105092,-74.22680412371135,33.967901955062736,56.55861564708749,101.65,57.27880424145,63.49255155392,,,0.5087620878721955,0.9276887768265241,1.9749576548144943,5.150976778649327,4.897839799950911,3.525416018565506,4.621535540074356,0.11515099491498543,-0.025205231538924955,-0.026039003522608573,1.3840391382514032,1.7302572694702607,0.008702019725648658,-0.022855359067016856,0,0,0
2016-08-01,98.74,0.15,0.0853522778819657,128.57142857142858,9.434659981197116,2.4751330094841544,1.1486758431940756,75.49019607843138,8942.32098765432,8359.331606149955,8559.29775526247,5541.378627913269,4845.688798935552,3.5,1595.5,432.3,1242.3,15.3,250.0,9.034374359324817,45.75185434929197,34.783552131930115,206.0,34.65483126305376,54.29066543438078,101.65,58.41562604055,63.78019705978,,,0.13860983825720521,0.9062941357823657,2.2443901401422055,4.324002794557504,4.8564846142689975,3.5454371463075605,4.621535540074356,-0.37015224961499027,-0.021394641044158336,0.26943248532771125,-0.8269739840918229,-0.04135518568191365,0.020021127742054556,0.0,0,0,0
2016-09-01,104.55,0.44,-0.2964942676298858,96.78571428571428,9.747327502429542,2.5131926121372032,1.3517721403058889,81.42857142857143,0.0,9386.169669888544,8761.130361766896,4296.834262380563,5315.9186682322015,0.0,1955.1,454.8,1091.9,12.6,-100.0,22.538389219680365,5.204718945176956,-12.106576511309653,-17.647058823529406,34.356275708171665,40.73414905450501,101.65,59.08669511717,62.82845413738,,,0.3014164281403973,0.9215539019184297,2.2769931451219314,4.399726211773283,4.572499403698543,3.5367847009087923,4.621535540074356,0.1628065898831921,0.015259766136063946,0.0326030049797259,0.07572341721577835,-0.2839852105704548,-0.008652445398768194,0.0,0,0,0
2016-10-01,85.75,0.11,-0.0614735187258794,65.0,8.813010237138785,2.328836854161364,1.625153123723969,131.44736842105263,5739.6449704142005,7746.143592149722,8034.124637940816,3793.310494403901,5792.990187384582,0.2,1543.4,392.9,734.7,7.6,inf,-21.057746406833424,-13.6103781882146,-32.71361846322923,-39.68253968253968,34.401652969597166,42.66065021202566,101.65,64.394119652,64.1328563209,,,0.4856020413263156,0.8453689387111072,2.1762290657120813,4.878606531356268,4.174387269895637,3.5381046146666972,4.621535540074356,0.1841856131859183,-0.07618496320732249,-0.1007640794098501,0.47888031958298516,-0.3981121338029059,0.001319913757904967,0.0,0,0,0
2016-11-01,82.92,0.24,-0.3133585602850753,115.66666666666669,9.962655016910936,2.0655650319829424,1.2232657248835923,178.9830508474576,9772.11005821824,8805.368906546317,8277.494276795007,6245.302809573361,5300.680813820018,3.0,1419.2,375.2,1267.1,5.9,1400.0,-8.047168588829845,-4.5049630949351,72.4649516809582,-22.36842105263157,34.19144670898764,43.583493934928015,101.65,60.92628963232,71.52669221327,,,0.2015241061084296,0.7254038122212774,2.2988436040365254,5.187291113354533,4.750712491278749,3.531975516560851,4.621535540074356,-0.28407793521788605,-0.11996512648982982,0.12261453832444413,0.3086845819982651,0.5763252213831125,-0.006129098105846165,0.0,0,0,0
2016-12-01,102.18,0.31,-0.2248026241853656,108.5,10.07319391634981,2.102643856920684,1.1969029691717574,111.25,9727.324852938053,8730.552684013253,8971.17135254368,5208.572761933275,7010.207201069238,2.0,2104.0,643.0,1407.8,8.8,-33.333333333333336,48.25253664036075,71.37526652452027,11.104095967169126,49.15254237288136,32.594908135764804,49.6062664633301,101.65,69.58576556728,73.53505724321,,,0.17973736161243092,0.7431955323652898,2.3098778278771808,4.711779921046349,4.686750172980514,3.4841560840189434,4.621535540074356,-0.021786744495998683,0.017791720144012424,0.011034223840655333,-0.4755111923081836,-0.06396231829823495,-0.04781943254190768,0.0,0,0,0
2017-01-01,105.2,0.34,0.1635715855613818,112.75862068965516,9.42163100057837,2.613776137761377,1.070254110612855,85.65217391304347,9698.865602409074,7145.88594971965,6142.394463667821,5832.205221435036,6423.051926672222,2.9000000000000004,1383.1999999999998,162.6,1338.0,6.9,45.000000000000014,-34.25855513307986,-74.71228615863141,-4.95809063787469,-21.590909090909093,33.82834203985059,45.65124416796268,101.65,70.23070326191,74.5445265546,13.555167982375618,22.60759493670886,0.06789610683241708,0.9607959718107064,2.2430082159128006,4.450294605802885,4.725249433904825,3.521298973014968,4.621535540074356,-0.11184125478001385,0.21760043944541663,-0.06686961196438013,-0.26148531524346463,0.03849926092431044,0.03714288899602458,0.0,0,0,0
2017-02-01,114.21,0.62,0.1447937357691268,123.33333333333334,10.460151071373517,2.063492063492064,1.0730652386591837,50.10989010989011,9470.416362308257,9118.114567672084,8223.656809662643,4738.248827553683,9148.872730070792,0.6,1297.4,617.4,1942.1,9.1,-79.3103448275862,-6.203007518796976,279.7047970479705,45.14947683109119,31.88405797101448,34.812418978480686,51.15563298490128,101.65,70.09883077985,77.94041741155,13.842071325827092,16.05263157894737,0.07051926204185215,0.7243997240640501,2.347572901302416,3.9142183959915817,4.814890716970161,3.5499741903161968,4.621535540074356,0.0026231552094350685,-0.23639624774665635,0.10456468538961516,-0.536076209811303,0.08964128306533592,0.028675217301228795,0.0,0,0,0
2017-03-01,96.64,0.57,0.0755795106973717,93.33333333333334,10.249497281596785,2.253310949449729,1.0759371996155078,69.51219512195121,6405.895691609978,7893.106027919439,8127.179180737686,5014.361266827975,4944.906124961526,0.8999999999999999,1342.7,536.1,1560.5,8.200000000000001,50.0,3.491598581778943,-13.168124392614178,-19.648833736676785,-9.890109890109876,34.46561723280861,49.385460693153,101.65,65.93761041425,77.34271792858,14.99617611712007,29.565217391304348,0.07319209536670668,0.812400667661268,2.327228658683763,4.241502206558388,4.53617731450114,3.539962225151823,4.621535540074356,0.0026728333248545316,0.08800094359721788,-0.020344242618652864,0.3272838105668061,-0.27871340246902054,-0.010011965164373748,0.0,0,0,0
2017-04-01,119.46,0.99,0.0099986202986324,109.44444444444444,11.250175783996625,2.103742233781245,1.3453815261044175,66.90140845070422,9220.799299131644,8891.105234375002,8498.718829247675,4055.6115255977497,4971.193598030162,1.8,1422.2,692.1,846.6,21.3,100.00000000000004,5.920905637893803,29.09904868494684,-45.74815764178148,159.75609756097558,34.760126984126984,50.83458722038319,101.65,67.43688044593,74.04135598388,15.211331962531414,17.030438010393468,0.29667763536035874,0.7437177749088134,2.4203837537725006,4.203220019987372,4.69541706383587,3.5484709535587284,4.621535540074356,0.22348553999365206,-0.06868289275245454,0.09315509508873765,-0.03828218657101612,0.15923974933472973,0.00850872840690542,0.0,0,0,0
2017-05-01,102.58,0.75,-0.1464821902139844,120.625,12.382971506105834,2.116250511665984,1.2715420350666868,30.307692307692303,7677.253080619614,7543.602239889197,8869.854144556804,3810.8187036015233,4786.83352372445,1.6,2358.4,732.9000000000001,1334.6,19.500000000000004,-11.111111111111116,65.82759105611025,5.895101863892505,57.64233404205055,-8.450704225352101,34.67158095949553,48.343773728170085,101.65,64.86642013185,72.23872226729,16.312715226014557,24.570592927412925,0.2402303647647203,0.7496458962447342,2.516322263180959,3.4114015518363967,4.79268655965915,3.5459203588734702,4.621535540074356,-0.05644727059563845,0.0059281213359208,0.09593850940845838,-0.791818468150975,0.09726949582328004,-0.0025505946852582007,0.0,0,0,0
2017-06-01,126.79,0.42,0.0861829601093297,20.0,12.35359594335539,1.87094490975581,1.13123294467874,79.125,10000.0,7813.63515231784,8952.697706444633,5052.858144386308,6248.66168025576,0.1,1617.1,847.6999999999999,1209.3,8.0,-93.75,-31.432327001356864,15.66380133715375,-9.388580848194216,-58.974358974358985,35.382917193834075,46.479033728350046,101.65,60.60971168123,71.70786089173,16.647408812623954,23.170433720219915,0.12330813939126611,0.6264436025804335,2.513947190194834,4.3710288804643405,2.995732273553991,3.566229138521767,4.621535540074356,-0.11692222537345417,-0.12320229366430069,-0.0023750729861249376,0.9596273286279438,-1.796954286105159,0.020308779648296582,0.0,0,0,0
2017-07-01,102.81,1.06,0.0897713985978747,105.41666666666666,12.12933659759957,2.169934640522876,1.054692134298256,82.31884057971014,9536.940117795935,8383.613438802999,8620.19012859898,5396.889365207302,8029.594822455862,2.4000000000000004,1674.7,535.5,1685.8,6.9,2300.0000000000005,3.561931853317679,-36.82906688687035,39.40296039030844,-13.749999999999996,35.35794926285031,43.420911528150135,101.65,62.90735989839,75.38731558352,16.312862477158976,19.723342939481267,0.05324890851046811,0.7746970475240532,2.4956270304133223,4.410600007117938,4.65792075137362,3.5655232401274963,4.621535540074356,-0.070059230880798,0.1482534449436197,-0.01832015978151169,0.03957112665359741,1.6621884778196292,-0.0007058983942704877,0.0,0,0,0
2017-08-01,138.53,1.82,0.3921593230602128,112.35294117647058,12.566299469604242,2.058823529411765,1.011230245439301,31.250000000000004,9690.79794961761,7950.198119881561,6864.022729407343,5160.546450847201,5912.378698224853,1.7000000000000002,1470.6,530.4,1967.9,20.8,-29.166666666666675,-12.18725741923926,-0.95238095238096,16.733894886700675,201.4492753623188,35.398257757077864,44.04180285566833,101.65,66.40945721224,81.55521096138,16.60840641064409,27.400439009093763,0.011167654405494236,0.7221347174331977,2.531018585433553,3.4420193761824107,4.72164517698446,3.566662603026831,4.621535540074356,-0.042081254104973875,-0.052562330090855536,0.035391555020230836,-0.9685806309355272,0.06372442561083957,0.001139362899334806,0.0,0,0,0
2017-09-01,115.53,1.61,0.5526606071221916,100.0,12.474014561888024,1.7163869898487671,1.20542218280864,28.285714285714285,9232.0,8510.871584186956,8885.298157193438,4956.449271540441,4976.7030575111385,1.5,1991.5,965.4,1578.7,31.5,-11.764705882352954,35.42091663266693,82.01357466063351,-19.777427714822903,51.44230769230771,35.12240153933422,43.66196072245445,101.65,70.74093857992,82.67827989338,17.151034523880508,29.384513567174057,0.1868298647584683,0.5402214942001703,2.5236476454824404,3.3423568816392217,4.605170185988092,3.558839147389586,4.621535540074356,0.17566221035297405,-0.1819132232330274,-0.00737093995111282,-0.09966249454318898,-0.11647499099636782,-0.007823455637244958,0.0,0,0,0
2017-10-01,91.46,0.67,0.7946539346287845,101.81818181818184,12.862925281697844,2.402558223723905,1.296223057148507,122.95774647887325,9394.53125,9484.14022383301,9251.367467011902,6314.125445607518,9954.2859542151,2.2,1828.2,828.6999999999999,2022.8,7.1,46.66666666666666,-8.199849359779055,-14.159933706235773,28.13074048267563,-77.46031746031747,35.564301510551374,41.67254763585039,101.65,73.27645764667,83.3900822677,16.999518322279446,24.50054884742042,0.2594546951178171,0.8765340962091996,2.554349164302427,4.811840771792332,4.62318869149077,3.571342368193694,4.621535540074356,0.0726248303593488,0.33631260200902935,0.030701518819986617,1.4694838901531107,0.018018505502678472,0.01250322080410804,0.0,0,0,0
2017-11-01,92.6,0.77,0.8127366947721049,86.4,12.216455131584285,2.195280564845782,1.3867539614764208,36.82027649769585,7686.899862825788,7310.709609268979,7650.568997392264,6986.220274068288,5529.894220090508,2.5,2466.1,1076.4,2107.8,21.7,13.636363636363647,34.892243737009075,29.890189453360705,4.202096104409736,205.6338028169014,34.7921322690992,34.946412031932255,101.65,78.95326292098,83.45610945792,16.715145638912453,24.31965442764579,0.32696573661140954,0.786309858334157,2.5027838242282234,3.6060486852198608,4.45898767581001,3.549391276998251,4.621535540074356,0.06751104149359244,-0.09022423787504263,-0.05156534007420355,-1.2057920865724716,-0.16420101568076007,-0.02195109119544325,0.0,0,0,0
2017-12-01,82.72,0.9,0.6848936025125846,120.0,12.893256950649077,2.7997718197375927,1.3822929416564669,68.65497076023391,9590.386284722224,6285.289446084375,6675.809632361781,5790.316263107934,8062.724737280487,1.6,1902.7,876.5,1225.5,17.1,-36.0,-22.845788897449403,-18.57116313638053,-41.85881013378879,-21.19815668202764,36.47972321479213,31.632347659523525,101.65,80.82823822651,84.11395678797,16.800902535929758,28.22075782537068,0.32374367224383255,1.0295379209095676,2.5567044576995195,4.229093536879428,4.787491742782046,3.5967565778635344,4.621535540074356,-0.0032220643675769933,0.24322806257541063,0.05392063347129605,0.623044851659567,0.3285040669720356,0.047365300865283455,0.0,0,0,0
2018-01-01,92.43,0.72,0.5882481967986672,114.3478260869565,13.342618384401115,2.3213261077462546,1.7502243877420185,98.06722689075632,9774.465439720105,6560.589169540047,8311.839715540931,4009.84851534302,5469.807010703516,2.3000000000000003,2297.6,1568.5,779.9,11.9,43.75,20.75471698113207,78.95037079292642,-36.36066911464708,-30.409356725146207,36.1382940665406,36.057533492383925,101.65,87.41186077085,88.56962577713,16.998629172687192,31.94294525828836,0.5597440012826079,0.8421386205447007,2.5909633019166822,4.585653232169072,4.73924490924266,3.5873530805784806,4.621535540074356,0.23600032903877538,-0.18739930036486696,0.03425884421716274,0.3565596952896444,-0.04824683353938575,-0.009403497285053852,0.0,0,0,0
2018-02-01,64.49,0.38,0.0620746350816608,118.68421052631578,13.379144934708952,2.5791679602607887,1.7783816425120773,47.97101449275362,9650.83750817351,7155.911157620374,8421.012451268207,4267.181865612055,5843.548342932248,3.8,2626.7,1288.4,662.4,13.8,65.21739130434783,14.32364206128134,-17.857825948358307,-15.066034106936788,15.96638655462186,36.11996340260697,33.56720238345013,101.65,82.11150234942,88.60694031026,17.30150519836549,25.46718576195773,0.575703761140482,0.9474668508975506,2.5936971464329517,3.870596963773849,4.776466272770338,3.58684571533141,4.621535540074356,0.015959759857874123,0.10532823035284988,0.002733844516269457,-0.7150562683952231,0.03722136352767791,-0.0005073652470706236,0.0,0,0,0
2018-03-01,111.96,0.98,0.4383069372666467,117.6923076923077,14.409869180454022,2.5697636775655552,1.546064763590765,52.38578680203046,9550.600196505618,6412.83260486332,8494.22975147339,4485.479430103141,7853.926296496604,2.6,2079.2,1544.5,1355.7,19.7,-31.57894736842105,-20.843644116191417,19.877367277243096,104.66485507246377,42.75362318840579,35.518180362005445,34.7810518708321,101.65,82.81470943499,84.47107154647,17.611605527819986,20.90139556165637,0.4357128403555891,0.943813940424429,2.667913331583964,3.958635310297565,4.768073656924944,3.5700446882645984,4.621535540074356,-0.13999092078489295,-0.003652910473121551,0.07421618515101214,0.088038346523716,-0.00839261584539397,-0.016801027066811525,0.0,0,0,0
2018-04-01,123.26,0.92,0.5193075290935236,127.3076923076923,13.02458394681658,2.4073894020418085,1.4857658544589385,118.63157894736842,9414.025063663168,7656.684454106249,7487.697730196966,4954.961107972295,7302.022078072384,2.6,2241.3,1028.5,1218.9,9.5,0.0,7.796267795305911,-33.40887018452574,-10.090728037176378,-51.776649746192895,35.580512660531376,36.11381322957198,101.65,88.39745161513,86.44544399191,16.59618008185539,22.6363371245261,0.3959303662216227,0.8785429247114749,2.566838644466418,4.776022715433281,4.846606930349626,3.5717980908053684,4.621535540074356,-0.039782474133966406,-0.06527101571295413,-0.10107468711754564,0.8173874051357157,0.07853327342468219,0.0017534025407699438,0.0,0,0,0
2018-05-01,125.67,1.32,0.3817971165666793,122.54237288135592,13.380376797893174,2.433399602385686,1.451947637292465,111.70731707317074,9889.847320504508,8060.276406113095,8608.306067525053,4339.20431242994,7607.989084028823,5.9,2961.8,1760.5,1252.8,12.3,126.92307692307692,32.14652210770532,71.17160913952358,2.781196160472565,29.473684210526297,36.21228868990275,36.50087199162888,101.65,94.59639606445,86.78852726804,16.744092508798392,20.44466948996501,0.3729058532815836,0.8892892929725322,2.593789215581078,4.715882210403923,4.808456871247091,3.589398527797884,4.621535540074356,-0.0230245129400391,0.010746368261057349,0.026950571114659816,-0.06014050502935753,-0.038150059102535216,0.01760043699251579,0.0,0,0,0
2018-06-01,103.97,0.95,0.4356719616645175,119.52380952380952,12.548124501197126,2.766631467793031,1.4522345223452235,63.04347826086957,9763.178362248216,5651.541023382104,7658.0437555439,5328.909423132781,7241.591572409863,4.2,3132.5,1420.5,1219.5,25.3,-28.8135593220339,5.763387129448327,-19.31269525702925,-2.658045977011492,105.69105691056907,35.41373009658053,34.97356687898089,101.65,93.66852843184,86.97667991636,17.487463866438556,20.168567562342936,0.37310342012685865,1.0176305035690643,2.5295712122745173,4.14382461948547,4.783515594402407,3.5670996007787052,4.621535540074356,0.00019756684527505453,0.12834121059653203,-0.06421800330656069,-0.5720575909184529,-0.024941276844684168,-0.022298927019178905,0.0,0,0,0
2018-07-01,110.03,0.67,0.4465389830941026,79.0,15.14707078374495,2.804123711340206,1.472982501121723,109.4478527607362,8568.33840730652,5771.8869820367845,7988.23005137884,5304.96492579539,8515.057863620827,2.0,3688.7,1600.5,1560.1,16.3,-52.38095238095239,17.75578611332802,12.671594508975703,27.929479294792948,-35.573122529644266,36.34674834793953,34.39597945891784,101.65,93.02886321127,79.77226290302,17.527695011078006,18.744291010692603,0.3872892576554973,1.0310910877926145,2.7178071656537255,4.695448205327238,4.3694478524670215,3.5931047460013787,4.621535540074356,0.014185837528638667,0.013460584223550232,0.18823595337920818,0.5516235858417673,-0.4140677419353853,0.026005145222673498,0.0,0,0,0
2018-08-01,112.74,0.69,0.5342808552437017,90.17857142857144,14.350616904331783,2.8941941624365484,1.6006490407559415,164.1121495327103,9495.10832271346,5377.6871923134095,6909.850628616122,4962.666174547856,9300.108706368272,5.6,2601.7,1260.8,1047.7,10.7,179.99999999999997,-29.46837639276712,-21.224617307091545,-32.84404845843214,-34.35582822085891,36.62715447003064,35.63849813464764,101.65,91.9861252694,78.11847133652,17.120188274769315,20.5570044709389,0.47040919746428955,1.062706717332833,2.663792931130498,5.1005500327272015,4.501791831534256,3.6007898907273925,4.621535540074356,0.08311993980879223,0.03161562954021857,-0.05401423452322751,0.4051018273999638,0.13234397906723494,0.007685144726013782,0.0,0,0,0
2018-09-01,75.05,0.39,0.4686084017641455,120.33333333333331,13.576240997444437,2.8521486580971334,1.2585627938213566,85.1,9726.82836994805,6368.906208147896,8106.367908266499,7444.289035262064,8056.672111747982,3.0,2582.6,1859.3,1489.0,20.0,-46.42857142857143,-0.7341353730253242,47.46986040609138,42.12083611720912,86.91588785046731,37.201859486386674,35.21098643904454,101.65,98.72449947898,77.44491643466,17.413823238110037,25.528942115768466,0.2299704301143585,1.048072625351113,2.6083212795012685,4.443827035579329,4.790265669664771,3.616358746223023,4.621535540074356,-0.24043876734993105,-0.014634091981720054,-0.05547165162922951,-0.656722997147873,0.28847383813051497,0.015568855495630363,0.0,0,0,0
2018-10-01,92.02,0.42,0.5342705715232755,98.07692307692308,13.968514090750343,2.869449110565534,1.403680501174628,55.94155844155845,9767.47404844291,5218.905373639665,8003.594861043981,6785.138370982457,6626.280135371063,2.6,3722.3,2321.7,1021.6,30.8,-13.33333333333333,44.12994656547664,24.869574571075127,-31.390194761584965,53.99999999999998,37.236488581171855,38.460432213930346,101.65,100.22216927105,79.35498638732,18.255759239290267,17.675753228120517,0.33909771644123615,1.054120063809102,2.6368058033133153,4.024307546548401,4.58575210013099,3.6172891563726908,4.621535540074356,0.10912728632687765,0.006047438457988941,0.028484523812046803,-0.41951948903092795,-0.20451356953378141,0.0009304101496678818,0.0,0,0,0
2018-11-01,80.41,0.35,0.4571177568801308,127.29729729729728,13.559970566593083,2.8729037952338925,1.3074394579727646,47.990867579908674,9707.177663281356,5105.048182876268,8051.927673601524,6512.868816703832,8187.6894914996465,3.7,3397.5,2266.0,1490.6999999999998,21.9,42.30769230769232,-8.725787819358988,-2.3991041047508266,45.91816758026624,-28.896103896103888,37.53840256046787,35.43625072114569,101.65,84.43680708935,77.50087473856,17.981643432331804,33.00876010781671,0.26807061223117634,1.0553232936146633,2.6071221119046637,3.871010734054496,4.846525274366239,3.625364477255299,4.621535540074356,-0.07102710421005981,0.0012032298055613122,-0.02968369140865157,-0.1532968124939047,0.2607731742352488,0.008075320882608317,0.0,0,0,0
2018-12-01,90.61,0.37,0.4663306658920997,124.25,15.36938309215537,2.9182733705215083,1.3977788000262863,89.08396946564886,9800.816974280291,5412.161032694384,7932.952366218869,5509.893727610331,4688.788880738445,4.0,1838.2,2671.1,1521.6999999999998,13.1,8.108108108108091,-45.89551140544519,17.877316857899373,2.079559938284037,-40.18264840182649,38.26442588948572,35.603821249165186,101.65,74.89874647623,76.0717046308,18.739020757985596,23.42846198046352,0.3348844052741683,1.0709921299213812,2.732377419604804,4.489579402079451,4.822295664976738,3.644520636607862,4.621535540074356,0.06681379304299195,0.015668836306717893,0.12525530770014015,0.6185686680249547,-0.024229609389500695,0.019156159352562874,0.0,0,0,0
2019-01-01,87.42,0.46,0.5154225881965844,127.71428571428572,14.243546706794769,2.857199792754374,1.1995936230071895,42.20779220779221,9955.3573662848,6316.687076050856,8637.075623624844,6665.411834608326,6268.118343195266,3.5,6047.3,2509.1,1279.6,15.4,-12.5,228.979436405179,-6.064917075362208,-15.90983768154036,17.557251908396942,39.16579649611324,35.78624759544847,101.65,76.20477086944,75.77415348893,18.499533463398084,19.49928469241774,0.18198285194593442,1.0498420517641593,2.656303941460318,3.7426048534700995,4.849795626118201,3.667803827548787,4.621535540074356,-0.15290155332823388,-0.021150078157221808,-0.07607347814448584,-0.7469745486093511,0.027499961141463025,0.023283190940925014,0.0,0,0,0
2019-02-01,96.8,0.51,0.1451868228900793,131.8181818181818,13.838630806845966,2.8562991231656896,1.1202784581668173,110.0,9594.768133174792,6956.948563967084,8928.383732894868,7492.58767335707,8852.64890738756,2.2,3353.8,2201.1000000000004,775.6999999999999,7.7,-37.14285714285713,-44.54053875283185,-12.27531784305128,-39.37949359174743,-49.99999999999999,40.47833935018051,35.272694573085744,101.65,80.08603918756,80.11719819835,18.867490239496533,35.14111365369947,0.11357727776856631,1.0495267739950027,2.627464015154427,4.700480365792417,4.881423562616249,3.700767000179713,4.621535540074356,-0.0684055741773681,-0.00031527776915662997,-0.02883992630589116,0.957875512322317,0.03162793649804829,0.032963172630926074,0.0,0,0,0
2019-03-01,82.33,0.55,0.2163851172851607,111.61290322580643,12.1704801016916,2.848975146824316,1.166595445943471,60.50279329608939,9828.09315379732,4800.359544312679,7670.886882782561,7126.821746691674,5835.940144378537,3.1,4090.8,2571.1000000000004,1638.1,17.9,40.90909090909089,21.975073051464022,16.809776929716946,111.177001418074,132.46753246753244,38.7949889708962,37.984592445328026,101.65,82.22320089448,81.09669812297,18.70937790157846,21.906618273065376,0.15408963162968736,1.0469593320043329,2.499013355826218,4.1026895341542815,4.715036663566623,3.658291088053984,4.621535540074356,0.04051235386112105,-0.0025674419906698276,-0.12845065932820887,-0.5977908316381351,-0.166386899049626,-0.04247591212572921,0.0,0,0,0
2019-04-01,79.25,0.41,0.0170485824532727,126.5277777777778,12.425790510534576,2.986290111696365,1.3401831583649764,33.47540983606557,9912.56999160161,5929.790516215292,8034.3632755840335,5674.958333333333,5369.195954495267,7.199999999999999,2994.9,2676.9,895.4000000000001,30.5,132.258064516129,-26.789381050161342,4.114970246198113,-45.3391123863012,70.39106145251397,39.04786943990029,37.67795462241788,101.65,86.42673201639,81.59938825983,18.84794937615665,18.826435571393866,0.29280628996922636,1.0940318516970533,2.5197741925370973,3.5108111345513,4.840461871237949,3.664788314999567,4.621535540074356,0.138716658339539,0.047072519692720416,0.02076083671087936,-0.5918783996029817,0.12542520767132537,0.00649722694558319,0.0,0,0,0
2019-05-01,106.47,0.55,-0.6235626997083802,64.39024390243902,12.478276117367416,2.7955484689726986,1.3440683535984226,33.333333333333336,8472.22222222222,6231.94754542274,8617.841994260545,7015.414515429462,5770.999405116002,4.1,2566.3,3073.1,912.9,24.6,-43.05555555555556,-14.31099535877658,14.800702304904911,1.9544337726155716,-19.34426229508197,38.4736228101396,34.413515552947096,101.65,85.17577272239,78.64918879652,18.94674755645433,19.18199513381996,0.29570109913987636,1.0280283195466344,2.52398922177903,3.506557897319982,4.164962129436054,3.6499728846759805,4.621535540074356,0.0028948091706499923,-0.06600353215041888,0.004215029241932733,-0.004253237231317986,-0.6754997418018949,-0.014815430323586565,0.0,0,0,0
2019-06-01,106.59,0.42,-0.4746337063800656,124.54545454545452,11.932001053339969,2.949812734082397,1.3630556974961674,81.8018018018018,10000.0,6476.214792420771,7246.892891393829,6674.01266064055,6618.991247646957,4.4,3417.7,2002.5,782.8000000000001,11.1,7.317073170731736,33.1761680240034,-34.837785949041674,-14.251287107021572,-54.87804878048781,39.08031516917169,35.399681246679656,101.65,76.33927157328,78.52608899238,18.91713553122456,20.79082226880969,0.30972901577983203,1.081741688364721,2.479223954931074,4.404299270283005,4.824670746023799,3.665618891859864,4.621535540074356,0.014027916639955673,0.05371336881808664,-0.04476526684795612,0.897741372963023,0.6597086165877455,0.015646007183883537,0.0,0,0,0
2019-07-01,93.52,0.36,-0.4513961829328423,124.77272727272728,12.235599872706056,3.0254670818505343,1.2665465653638288,26.08219178082192,9963.636484285054,5417.552900048937,7768.821551034793,5561.055253607598,5300.451062778053,4.4,1885.4,1798.4,1276.6999999999998,36.5,0.0,-44.83424525265529,-10.192259675405746,63.09402146142051,228.82882882882885,38.44030598678693,36.71042564329722,101.65,77.03842163234,81.0311841945,18.86428305108028,20.15604161109629,0.23629395675080186,1.1070654867865535,2.504349724929035,3.2612527742029194,4.826493900585315,3.6491065441845345,4.621535540074356,-0.07343505902903016,0.02532379842183241,0.02512576999796101,-1.1430464960800855,0.0018231545615154943,-0.016512347675329497,0.0,0,0,0
2019-08-01,103.4,0.48,-0.2910383740763507,46.84210526315789,11.937310091156244,2.9003706126008284,1.246504194966041,77.60563380281691,9925.374181149964,7221.093579489575,8141.192644262356,5494.034044214334,8530.439623057893,5.7,3126.5,2293.5,1001.2,14.2,29.54545454545454,65.82688023761536,27.530026690391463,-21.57907104253152,-61.09589041095891,36.56745509139757,34.94238115109299,101.65,71.59163373571,76.04850306889,18.53392814729907,24.927942353883104,0.22034298937175395,1.0648385262755915,2.479668797086064,4.351640025105645,3.846782483559745,3.5991586396768294,4.621535540074356,-0.015950967379047915,-0.042226960510961975,-0.024680927842970934,1.090387250902726,-0.9797114170255701,-0.04994790450770514,0.0,0,0,0
2019-09-01,90.37,0.33,0.1292202584823835,122.0,11.59213401310998,2.787673904563776,1.1921228460907278,44.514767932489455,9963.636484285054,7462.560751844898,8301.69300806292,7187.49788502053,5830.677657734552,4.5,2746.0,2307.3,853.1,23.7,-21.052631578947366,-12.170158324004476,0.6017004578155571,-14.79224930083899,66.90140845070422,36.65025150712283,33.24487228252919,101.65,75.5647419957,77.32280800948,18.31776896507612,31.48972602739726,0.1757356221339108,1.0252075221276846,2.4503267657788483,3.7958209977690816,4.804021044733257,3.6014202907135573,4.621535540074356,-0.04460736723784314,-0.03963100414790688,-0.029342031307215688,-0.5558190273365637,0.9572385611735119,0.0022616510367279297,0.0,0,0,0
2019-10-01,97.84,0.24,0.0868003231400676,122.77777777777776,11.90775087065684,2.868702290076336,1.229535864978903,42.30303030303031,9909.91175446858,7028.004698179713,7521.182256832241,5078.057836426424,3512.491687260367,3.6,2469.4,1965.0,1185.0,16.5,-20.0,-10.072833211944642,-14.835522038746571,38.90516938225295,-30.379746835443036,37.60226129449528,34.196318649971474,100.52,72.67367319761,76.45733090765,18.3320787331326,24.87371375116932,0.2066367526259733,1.0538597637782134,2.477189521760413,3.7448587218558376,4.810376036615634,3.6270641893985074,4.610356712675391,0.0309011304920625,0.02865224165052882,0.026862755981564845,-0.05096227591324398,0.006354991882377092,0.025643898684950095,-0.011178827398964586,0,0,0
2019-11-01,73.08,0.17,0.1477141621051584,84.85185185185185,11.922400656429494,3.277286976346537,1.2185840006342663,67.6,6487.603305785124,5784.631264235181,7720.567107750473,6480.634481742691,7911.400161058787,0.0,3412.4,1403.6,1261.3,10.0,-100.0,38.18741394670768,-28.56997455470737,6.43881856540085,-39.39393939393939,37.936472298843206,34.049279236966655,99.1,76.6176460807,76.2153055275,18.17896199240358,26.74690007293946,0.19768952944544843,1.1870159387681263,2.478419038710947,4.213607983048918,4.440906816449166,3.6359129791307048,4.596129441335942,-0.008947223180524877,0.13315617498991283,0.00122951695053386,0.4687492611930808,-0.36946922016646777,0.008848789732197382,-0.014227271339448677,0,0,0
2019-12-01,74.28,0.27,0.0393686901794597,46.92592592592592,11.689975272609349,2.753144221059396,1.1933768016472204,100.40816326530611,6143.667296786388,6461.307268185404,7359.568894866701,6474.914994772287,6616.762509088505,0.0,2466.9,1089.3,1165.6,9.8,,-27.707771656312264,-22.392419492732984,-7.587409815269963,-1.999999999999991,35.8793684782435,31.73530080930868,99.81,79.07866333164,77.46999671243,18.502139316639205,23.82484551459621,0.17678693704244788,1.0127436116606092,2.4587316602216327,4.609243511375727,3.84857031431681,3.5801624360948803,4.603268378698495,-0.020902592403000547,-0.17427232710751706,-0.019687378489314344,0.3956355283268085,-0.5923365021323561,-0.055750543035824496,0.007138937362552333,0,0,0
2020-01-01,138.42,0.39,0.0553592300566307,9.0,11.504574148465718,3.1109507687184323,1.1404529585533971,43.0,10000.0,6674.1777838391845,7870.356927714438,7945.666130236663,5007.619253650622,5.0,2962.3,1801.7,1117.1,25.0,inf,20.08188414609429,65.39979803543561,-4.160947151681516,155.10204081632654,38.447991671727245,32.84378687482981,98.83,76.05782805784,77.70223174562,18.63422759386517,25.804518211157216,0.1314255155553059,1.1349283928846057,2.442744708327328,3.7612001156935624,2.1972245773362196,3.649306462382751,4.593401202388092,-0.04536142148714198,0.12218478122399645,-0.015986951894304546,-0.8480433956821645,-1.6513457369805904,0.06914402628787064,-0.00986717631040257,0,0,0
2020-02-01,75.96,0.2,1.3021743832215693,110.0,11.566908935442497,2.8826952526799388,1.2702318977756744,83.13559322033899,10000.0,8123.192065376999,7614.841503165567,5678.736498897257,6901.474602565979,2.0,1871.2,1632.5,1056.5,11.8,-60.0,-36.83286635384667,-9.391130598878838,-5.424760540685714,-52.8,37.61780353913034,32.59538904899136,101.33,66.30874082927,73.01586884976,19.325421874342467,25.51647340327628,0.23919948047551567,1.0587257081367216,2.4481483434926568,4.420472928093744,4.700480365792417,3.62747743671199,4.618382517460226,0.10777396492020977,-0.07620268474788405,0.005403635165328602,0.6592728124001819,2.503255788456197,-0.02182902567076095,0.02498131507213408,0,0,0
2020-03-01,81.54,0.27,2.67169191463199,35.588235294117645,10.38915699763836,2.934195830230827,1.2054190810413774,29.262295081967213,10000.0,6469.014463097068,7488.228380104407,5506.051031180425,4713.580421275263,6.8,1947.8,2148.8,1225.3000000000002,36.6,240.0,4.093629756306116,31.62633996937212,15.977283483199267,210.16949152542375,37.3148303739801,32.81244771624561,103.56,42.6472477596,68.70687148292,18.18982646259011,21.14570361145704,0.18682729157597877,1.076433422630047,2.3407626658847276,3.3762998300404283,3.5720151139746252,3.6193908447866083,4.640151154883337,-0.0523721888995369,0.01770771449332531,-0.10738567760792916,-1.044173098053316,-1.1284652518177913,-0.008086591925381637,0.021768637423110526,0,0,0
2020-04-01,69.34,0.12,3.3853233632746766,117.09677419354838,10.713142308307988,2.8227459016393444,1.2837698494534957,115.26315789473684,10000.0,7753.127047334836,7936.376874765087,5245.818615828779,8357.956203999083,3.1,2498.8,2928.0,969.8,15.2,-54.41176470588235,28.28832529007084,36.26209977661952,-20.85203623602384,-58.46994535519126,37.85475494627951,32.66825040463635,104.0,31.63231012178,65.55173456341,18.107809615180805,16.433684210526316,0.2498009442275562,1.0377101351739224,2.3714712408949836,4.747217843644106,4.76300072277375,3.6337565980507485,4.6443908991413725,0.06297365265157742,-0.03872328745612452,0.030708575010256034,1.3709180136036774,1.1909856087991249,0.014365753264140135,0.004239744258035749,0,0,0
2020-05-01,68.51,0.19,2.576994746387861,45.0,10.588514475557664,2.8063763608087093,1.3721006207121855,47.846607669616525,10000.0,6628.181524752217,8306.937698701433,4948.765432098766,7180.111323798389,0.2,1264.2,2572.0,918.3,33.9,-93.5483870967742,-49.40771570353769,-12.158469945355188,-5.310373272839764,123.02631578947368,36.63470962107613,31.71314824515453,104.29,39.24687580089,68.00635609756,17.77022246466436,15.56400989157314,0.31634286532604716,1.031894099845224,2.359769873622389,3.8680002202889536,3.8066624897703196,3.600996141309902,4.6471754801331215,0.06654192109849097,-0.0058160353286984545,-0.01170136727259452,-0.8792176233551521,-0.9563382330034305,-0.0327604567408466,0.0027845809917490527,0,0,0
2020-06-01,71.23,0.27,2.2679587953316163,82.14285714285714,10.900117687255609,2.9259640102827764,1.4827450465818133,77.10317460317461,5000.0,8827.582209571814,7888.580467249058,4246.91048633409,7886.449344135975,0.0,2634.1000000000004,1945.0,762.1,25.2,-100.0,108.36101882613512,-24.377916018662518,-17.00969182184472,-25.663716814159287,36.41629401900503,31.29185504785073,102.71,48.5231595002,73.67846260715,18.615813897838663,22.78058288187357,0.3938951310343144,1.0736240025505772,2.3887735861727384,4.345144454860063,4.408459891742037,3.5950163123674996,4.631909483177713,0.07755226570826723,0.04172990270535326,0.02900371255034928,0.4771442345711092,0.6017974019717176,-0.005979828942402232,-0.015265996955408312,0,0,0
2020-07-01,66.47,0.27,2.964321583729673,119.28571428571428,9.714927436074635,2.6638878363016296,1.0832287745713092,70.04672897196262,9880.9566495751,8226.151697829926,8038.604752901162,6026.892860869693,5937.625305907741,1.4,1736.4,1847.3,956.4,21.4,inf,-34.07995140655253,-5.02313624678663,25.49534181865896,-15.07936507936508,36.63724724642447,30.128124702975004,101.77,51.6497454882,79.08970395683,18.234878632036708,18.52170129446318,0.07994618723525879,0.9797866483013866,2.2736636135348727,4.249162576074792,4.7815215757955425,3.6010654072462263,4.62271536520384,-0.3139489437990556,-0.0938373542491906,-0.11510997263786571,-0.09598187878527042,0.37306168405350526,0.006049094878726624,-0.009194117973873261,0,0,0
2020-08-01,65.47,0.17,1.4756846423340395,82.82051282051282,8.75951293759513,2.4730209314116025,1.3514371923138002,95.58282208588956,9398.24976756223,7617.5982153797695,8662.131498366229,5098.515467390959,8436.007125424947,3.9,1971.0,2761.4,629.7,16.3,178.5714285714286,13.510711817553544,49.48302928598496,-34.15934755332496,-23.83177570093458,35.8596213847797,30.06811494901455,100.74,54.30174528329,83.4806021787,18.98562221120476,24.982301221786624,0.30116861307867715,0.9054404524790372,2.1701403026713724,4.559993118617977,4.416675770087056,3.5796119099723285,4.612542940317504,0.22122242584341836,-0.07434619582234947,-0.1035233108635003,0.31083054254318476,-0.36484580570848646,-0.02145349727389778,-0.01017242488633574,0,0,0
2020-09-01,80.38,0.2,0.621906414808882,45.26315789473684,10.28099623687859,2.562615273582636,1.2266871755431648,68.31683168316832,7515.548945375878,8651.444329426531,8960.994790490311,4444.974007723981,5792.830637821185,3.8,4039.2,3741.1,1040.2,30.3,-2.564102564102566,104.93150684931508,35.478380531614384,65.18977290773384,85.88957055214723,34.253417669863296,26.36843415484192,100.06,51.16881771972,85.11530461915,18.52409457276056,23.641120946838168,0.2043171825657631,0.9410283282654763,2.330297165533726,4.224156173744091,3.812493410081113,3.5337863457113547,4.605770006060059,-0.09685143051291406,0.03558787578643918,0.16015686286235375,-0.33583694487388627,-0.604182360005943,-0.04582556426097373,-0.0067729342574454066,0,0,0
2020-10-01,76.08,0.13,0.1075370991482645,7.710280373831776,9.48304372577191,2.3467183605649407,1.193624003750586,77.6842105263158,7948.943985307623,9772.310175177328,8680.721254350934,5304.397514638737,8656.480196238277,21.4,3688.9,3611.0,1066.5,19.0,463.1578947368421,-8.672509407803531,-3.477586806019617,2.528359930782531,-37.29372937293729,33.66090673022459,27.980879258794435,97.16,51.62079340516,85.49279171456,19.582139615993736,23.35419237322992,0.17699406064600132,0.8530179099090469,2.249505332854991,4.352652025993978,2.042554551872775,3.51633712631501,4.576359104133972,-0.027323121919761773,-0.08801041835642942,-0.08079183267873491,0.1284958522498867,-1.769938858208338,-0.017449219396344695,-0.029410901926087085,0,0,0
2020-11-01,70.07,0.14,0.7771489441397443,108.75,8.505576026745407,2.3910511066638787,1.321533282658269,81.34529147982063,9548.817545250364,9022.754814652037,8427.378890691756,4822.485346930535,6786.3025421534585,1.6,4097.9,3347.9,920.9,22.3,-92.5233644859813,11.087316002060232,-7.28607034062586,-13.652133145804036,17.36842105263159,32.735079556551206,29.49765546929049,92.77,55.30181595459,90.27961371441,21.510331066580218,21.81119050502604,0.27879264026020584,0.8717330628457796,2.1407219515667806,4.398702952209009,4.689051669968793,3.488447272210896,4.5301233116651805,0.10179857961420452,0.01871515293673265,-0.10878338128821063,0.04605092621503104,2.6464971180960184,-0.027889854104114153,-0.04623579246879128,0,0,0
2020-12-01,64.07,0.19,1.7192840096938973,111.29032258064515,9.230585424133812,2.55026553187542,1.1905877941314331,47.10106382978723,9827.599243856332,7852.070923000653,8745.057893516127,6468.299336598673,5881.739844620065,3.1,2511.0,4312.1,1066.7,37.6,93.75,-38.72471265770272,28.800143373458,15.8323379302856,68.60986547085201,33.55012341059388,29.300350355664087,92.77,63.74668437007,99.65051284839,19.42007663227383,29.219995690583925,0.1744471298211996,0.9361974838963909,2.222522472736751,3.8522955873869846,4.712142305540259,3.513040541819089,4.5301233116651805,-0.10434551043900625,0.06446442105061134,0.08180052116997061,-0.546407364822024,0.023090635571465512,0.02459326960819297,0.0,0,0,0
2021-01-01,77.42,0.28,1.3725748955433614,108.57142857142858,7.278457740190156,2.316191241462435,1.3879894024138946,47.09790209790209,9613.0540166205,8319.506098524445,9153.648465642418,4405.818842641374,7757.308302593296,1.4,1903.7,3484.6,679.4,28.6,-54.83870967741936,-24.185583432895264,-19.190185756360023,-36.30824036748852,-23.93617021276596,33.182631976610494,29.226335664082967,92.77,69.882566118,102.83930165922,19.60954242866688,31.65009683666882,0.3278562269069739,0.8399241303355675,1.9849189908904734,3.8522284585845568,4.6874082842250635,3.5020266058058884,4.5301233116651805,0.15340909708577433,-0.09627335356082345,-0.23760348184627778,-6.712880242787378e-05,-0.02473402131519542,-0.011013936013200443,0.0,0,0,0
2021-02-01,73.96,0.18,2.0039088631977564,90.625,9.950559937452573,2.3914055418085605,1.3295577130528586,118.48563968668408,10000.0,9529.058552980368,8769.722271519935,4519.788190858634,8701.987875364604,1.6,4348.7,4081.7,741.6,38.3,14.285714285714302,128.4341020118716,17.13539574126155,9.155136885487192,33.91608391608389,33.590615465903085,28.63794442381065,93.57,80.38194347312,106.39235642069,19.653537494192744,27.11460936870112,0.28484634035099,0.8718812858915416,2.297628824707978,4.774791769153187,4.5067301131748385,3.514246726347172,4.5387098192878215,-0.04300988655598392,0.031957155555974115,0.3127098338175045,0.9225633105686302,-0.180678171050225,0.012220120541283741,0.008586507622641015,0,0,0
2021-03-01,78.62,0.33,2.3321250913810703,110.0,7.340425531914893,2.297829379101464,1.2248062015503876,31.659192825112108,9966.99678983676,7257.2865571323155,8124.442103897628,5740.818579308219,3946.454509706361,5.5,2791.8,2971.5,1225.5,44.6,243.75,-35.80150389771654,-27.19945120905505,65.25080906148865,16.4490861618799,31.570637547560864,28.11688876193788,93.57,80.76523673477,110.22138894177,19.754307594128907,29.178241351993663,0.20278262866529465,0.831964929107616,1.993396815321301,3.455028559027169,4.700480365792417,3.452227497093923,4.5387098192878215,-0.08206371168569535,-0.03991635678392558,-0.3042320093866768,-1.319763210126018,0.19375025261757806,-0.0620192292532491,0.0,0,0,0
2021-04-01,88.17,0.19,2.821056277574044,104.11764705882354,8.90543835471218,2.480561615483582,1.7771183646554565,38.41105354058722,10000.0,7844.244315287563,7843.151162011503,4618.533982435386,5108.063279592152,1.7,3773.2,3575.4,909.9,57.900000000000006,-69.0909090909091,35.152947918905376,20.323069156991423,-25.75275397796817,29.82062780269059,31.405562597867423,28.49327470253492,93.57,80.80171766567,115.32305325422,19.921584986313697,22.68299058905541,0.5749931562144617,0.9084849923954641,2.1866621412136493,3.6483452707915234,4.645521481511659,3.4469850300228293,4.5387098192878215,0.37221052754916706,0.0765200632878481,0.19326532589234824,0.1933167117643544,-0.054958884280758014,-0.00524246707109377,0.0,0,0,0
2021-05-01,93.01,0.26,3.102743026269962,109.0,9.30054389145564,2.321058504702694,2.3111992071357776,69.62025316455696,9637.656762898743,7020.336939491871,8366.390306122448,4180.879640117802,7074.743801652892,2.0,3419.8,3136.5,504.50000000000006,15.8,17.647058823529417,-9.366055337644442,-12.275549588857192,-44.55434663149797,-72.71157167530224,31.2433935309455,28.13445424628744,94.7,86.28486080925,125.79331317163,19.827594054548857,26.87058775101366,0.8377665271167739,0.8420233336539337,2.230072881401368,4.243055518753541,4.6913478822291435,3.4418079468230545,4.550714000192032,0.26277337090231223,-0.06646165874153043,0.043410740187718844,0.5947102479620172,0.045826400717484894,-0.0051770831997748346,0.012004180904210848,0,0,0
2021-06-01,74.13,0.2,2.830399837522114,10.77097505668934,9.924582185306598,2.242984693877551,1.4265572930017945,61.43497757847533,8599.091412742384,7844.948308318689,9096.731024717748,5913.87902022088,6933.187703127498,44.1,4972.3,3136.0,780.1999999999999,22.3,2105.0,45.39739166033101,-0.015941335883951,54.648166501486585,41.13924050632911,31.43865037758943,28.34196331088458,94.7,93.91895277955,124.27319007871,19.636656318270667,23.659985152190053,0.35526405420298873,0.8078074315636292,2.2950147284888147,4.117979340356097,2.3768550215818407,3.4480380397181634,4.550714000192032,-0.4825024729137852,-0.03421590209030445,0.06494184708744655,-0.12507617839744345,-2.3144928606473028,0.006230092895108896,0.0,0,0,0
2021-07-01,58.42,0.18,3.007344582011803,20.476190476190474,9.888573969100811,2.522706143173854,1.435603687460843,43.83435582822087,6690.1027582477,7393.528334743363,7858.270016740997,4750.180347137145,5868.13389153303,2.1,3598.8,2796.6,1117.3,32.599999999999994,-95.23809523809524,-27.623031595036508,-10.82270408163266,43.2068700333248,46.18834080717487,31.286660639045984,28.823121812847138,94.7,98.28941653097,124.52060140874,19.33638628863897,23.527524367824064,0.36158544887316757,0.9253321916801641,2.2913799460675652,3.7804178895572056,3.019262770964185,3.4431918290403334,4.550714000192032,0.006321394670178837,0.1175247601165349,-0.003634782421249483,-0.33756145079889155,0.6424077493823441,-0.004846210677829976,0.0,0,0,0
2021-08-01,89.49,0.19,3.3882558721021283,117.44186046511628,8.781120518825437,2.392625949901492,1.4720476347998677,48.61111111111112,9842.83893735908,4863.310492174618,8138.474018037638,6677.232111545961,6116.911286963766,4.3,2775.5,3553.0,906.9,25.2,104.76190476190474,-22.877070134489266,27.04712865622543,-18.831110713326773,-22.69938650306748,30.77401390304218,28.114937405989604,94.7,96.32359893158,119.04408323908,19.211377981659343,22.841541989734623,0.38665438038082783,0.8723914865963318,2.172604021238169,3.88385212846145,4.765943406575843,3.4266706294139295,4.550714000192032,0.025068931507660264,-0.05294070508383231,-0.11877592482939603,0.10343423890424441,1.7466806356116584,-0.01652119962640386,0.0,0,0,0
2021-09-01,80.7,0.27,3.4588477653335565,120.74473975636766,9.190162959045384,2.5625038205269277,1.3999536822603056,56.13526570048308,5702.479338842975,6556.401329189326,8454.859435547898,8613.021582684592,4811.708106090456,0.0,3025.3,3271.8,863.6,20.700000000000003,-100.0,9.00018014772115,-7.9144385026738036,-4.774506560811553,-17.85714285714284,31.700906785961656,30.17342711243858,94.7,107.17858644213,116.81299071857,19.374864631706465,21.25575420190557,0.3364391519741403,0.9409848354007527,2.218133668424243,4.027764237140533,4.793678728489519,3.4563452857094963,4.550714000192032,-0.05021522840668752,0.06859334880442092,0.045529647186073774,0.14391210867908333,0.027735321913676003,0.02967465629556676,0.0,0,0,0
2021-10-01,79.03,0.2,4.008939252167858,124.04761904761904,9.122818542118289,2.6955900853422188,1.288512548459498,39.58620689655172,9885.35261806433,6559.87818760132,7208.615875370769,8200.19070079722,5000.409741528974,4.2,4566.9,2941.1,980.2,29.0,inf,50.956929891250425,-10.107586038266392,13.501621120889308,40.0966183574879,33.27217994693723,30.136595256516287,94.7,123.36989210288,121.38096364349,18.970045811558897,23.80251276010993,0.25348848987504385,0.9916171359937627,2.2107788070107834,3.6784807468930376,4.820665516464044,3.504721610785484,4.550714000192032,-0.08295066209909646,0.05063230059300994,-0.007354861413459535,-0.3492834902474957,0.026986787974524695,0.04837632507598766,0.0,0,0,0
2021-11-01,86.57,0.17,4.413291376230247,139.6279761904762,10.16140865737344,2.2787655834866136,1.2775240302679118,30.48780487804878,5937.5,4096.043970147756,9488.332987011823,7795.0816031089935,5081.425051903114,0.0,2317.1,2935.8,1466.9,69.7,-100.0,-49.26317633405593,-0.1802046853218275,49.65313201387471,140.34482758620692,33.1731225510799,30.81138023349755,95.93,115.00870344115,114.01717045649,18.30588394482864,21.636390024430955,0.24492385330465033,0.8236338855991413,2.318597079918952,3.417326763592039,4.938981572760946,3.50173998633593,4.563618758829857,-0.008564636570393525,-0.16798325039462136,0.10781827290816848,-0.2611539833009986,0.11831605629690234,-0.0029816244495539657,0.012904758637824365,0,0,0
2021-12-01,105.35,0.16,4.489802623965091,155.20833333333334,10.629749679949882,2.842948592074775,1.2203961230509903,36.25407166123779,9973.190396828972,6046.772586603063,6499.209655852369,9056.891196849912,4992.302842580012,4.8,3671.3,2546.3,1186.5,61.4,inf,58.44374433559192,-13.267252537638786,-19.11514077305884,-11.90817790530847,33.113390484522824,30.569782916370347,95.98,112.37295836686,116.71518298657,18.57937392806976,27.58571358097776,0.19917549706984344,1.044841750224256,2.363656643624083,3.5905516966823936,5.044768300465714,3.499937746936407,4.564139836430099,-0.045748356234806886,0.22120786462511466,0.0450595637051312,0.17322493309035458,0.10578672770476771,-0.0018022393995229535,0.0005210776002426698,0,0,0
2022-01-01,138.67,0.33,3.7773276336060415,176.69507575757578,11.654563774712484,2.6796068448592845,1.4075576971848844,54.93917274939172,5555.555555555556,7706.702770883191,8612.465562852305,8637.058680301925,4805.772762683767,0.0,5756.2,2828.4,1182.9,41.1,-100.0,56.78914825811019,11.07882024898872,-0.3034134007585232,-33.061889250814325,33.93232840416771,31.94266659495509,96.53,121.30988558842,125.2296412723,19.102487304602253,23.59920938536088,0.3418560728628529,0.9856700840819433,2.455697843620172,4.006226623207418,5.174425511125088,3.5243682002013683,4.569853840860524,0.14268057579300947,-0.05917166614231262,0.09204119999608906,0.41567492652502436,0.1296572106593743,0.024430453264961294,0.0057140044304242466,0,0,0
2022-02-01,216.16,0.32,2.8500386721752182,198.18181818181824,10.909809311114929,2.8241185694774646,1.4388620406674568,57.683284457478,9954.233650366132,5616.335641404467,8779.2064322077,8115.959140334221,6335.462947479366,4.4,2910.5,1976.9,1096.7,34.1,inf,-49.43712866126959,-30.10535992080328,-7.287175585425654,-17.031630170316305,33.499405520778126,31.679101826192,96.53,133.31424055374,131.17650136422,19.07486892937981,27.085999262359486,0.3638525516396563,1.0381963051084688,2.389662321334296,4.054967434099588,5.289184882984764,3.5115276930251507,4.569853840860524,0.021996478776803385,0.05252622102652549,-0.06603552228587617,0.04874081089216986,0.11475937185967577,-0.012840507176217653,0.0,0,0,0
2022-03-01,318.95,0.72,2.905399013840759,298.5365853658537,39.45900271228876,3.3340415737101177,1.6293965614113946,59.26829268292683,9983.673480285355,7464.859002491965,7583.444910142993,7667.139120095125,5036.551564519861,4.1,4793.0,2823.9,889.9,12.3,-6.818181818181812,64.67960831472254,42.84485811118415,-18.856569709127392,-63.929618768328446,33.58092744824784,31.875732708089096,96.53,166.73239302763,141.28333939754,19.093517101821234,19.32539224734656,0.48820973855180355,1.2041852538699687,3.6752622268916344,4.082074469630286,5.698892489362009,3.5139582703343395,4.569853840860524,0.12435718691214726,0.16598894876149983,1.2855999055573384,0.027107035530698376,0.40970760637724535,0.0024305773091888305,0.0,0,1,0
2022-04-01,191.14,0.3,3.601778254535612,491.2307692307692,29.91456851454593,3.6151647359711143,1.6035253880557747,100.64102564102564,9974.970694683378,5007.439328901234,7159.416877121104,7950.753754640937,5214.471626074531,6.5,2657.1,2658.8,760.2,23.4,58.53658536585367,-44.56290423534321,-5.846524310350909,-14.574671311383293,90.24390243902435,35.03038237947278,32.94955197272741,96.53,153.18659162076,138.09414281218,19.397881517843928,20.141615605852195,0.4722045729261231,1.2851374246889327,3.398345603022309,4.611559984086862,6.19691401581319,3.5562157529212373,4.569853840860524,-0.01600516562568044,0.080952170818964,-0.2769166238693255,0.5294855144565762,0.4980215264511809,0.042257482586897765,0.0,0,0,0
2022-05-01,142.26,0.42,2.806096392701172,542.2916666666667,34.26301668483273,3.431242041902998,1.6102530397633914,62.92397660818713,9992.319509582092,6396.394087161912,8579.850752887956,8925.040492387432,4646.788325202802,4.8,4770.8,3455.6,912.9,17.1,-26.15384615384616,79.54913251289,29.96840680006017,20.08681925808997,-26.92307692307692,32.90912748466791,32.66878932985684,96.53,163.63299774551,122.45551742174,18.434908995841944,26.14859833289293,0.4763913342017469,1.2329223069733415,3.534066541700029,4.1419272772131155,6.2958039870807205,3.4937500504393437,4.569853840860524,0.004186761275623785,-0.052215117715591175,0.13572093867772006,-0.4696327068737469,0.09888997126753019,-0.06246570248189354,0.0,0,0,0
2022-06-01,130.71,0.29,2.470428216969024,28.750000000000004,30.11379502932142,3.522932829521245,1.4284651992861392,51.80995475113123,6597.353497164462,5121.672889094579,8436.979023560345,8215.986435574263,4627.69970061593,0.7999999999999999,4297.2,2487.7,1344.8,22.1,-83.33333333333334,-9.927056258908362,-28.009607593471475,47.31076788257202,29.23976608187133,32.63347592107079,31.632159527685644,96.53,173.48221112801,115.70475261365,18.376353306892486,22.87937035690166,0.35660058067415085,1.2592938329046275,3.4049833733864014,3.947582307464633,3.3586377672433594,3.4853386302481084,4.569853840860524,-0.11979075352759605,0.026371525931286,-0.12908316831362754,-0.19434496974848248,-2.937166219837361,-0.008411420191235308,0.0,0,0,0
2022-07-01,117.18,0.2,1.8701439804116848,526.7708333333334,34.470884003741816,3.200438220443936,1.470863462356444,51.65432098765432,9956.57180673445,6464.024544591057,9591.71212928947,8768.712946667954,4907.139645156455,9.6,3420.8,2099.4,1175.5,40.5,1100.0,-20.39467560271804,-15.608795272741885,-12.589232599643063,83.25791855203622,35.213454972257786,33.47962781462012,96.53,171.75250650949,100.15401234907,17.77691438432557,16.662217676934013,0.3858496177031663,1.1632877443184526,3.540115025797315,3.9445738510723203,6.266765602606193,3.561428253097655,4.569853840860524,0.029249037029015434,-0.09600608858617488,0.13513165241091363,-0.0030084563923127305,2.9081278353628335,0.07608962284954668,0.0,0,0,0
2022-08-01,132.86,0.31,1.549149749861651,280.3854166666667,47.23998568631991,3.314554227825077,1.4899351469721216,40.06006006006006,10000.0,5928.28054790616,9810.600437797442,7939.668833349685,4660.949135627089,0.0,4750.7,3958.3,1187.3,33.3,-100.0,38.87687090739007,88.54434600362006,1.0038281582305464,-17.777777777777782,38.308463343349935,35.47622012727432,109.62,172.77086426625,103.81183514783,18.324078024694572,26.99450163781001,0.3987325934880387,1.1983231433514367,3.8552406883299604,3.6903798294891708,5.636165144773206,3.6456708467974077,4.697019839617971,0.012882975784872408,0.03503539903298414,0.3151256625326453,-0.2541940215831495,-0.6306004578329869,0.08424259369975262,0.12716599875744716,0,0,0
2022-09-01,131.99,0.43,1.0538388806892387,34.0,48.56671823877039,3.35995000694348,1.4940421631530705,21.151566469093986,8892.733564013839,6788.241754124151,9735.721477707408,9183.627382226176,5888.566738098244,0.5,3942.7,2880.4,763.7,118.1,inf,-17.008019870755888,-27.231387211681778,-35.67758780426177,254.65465465465468,39.0370944606168,36.61500457928614,109.62,158.17363839615,97.77195427397,18.105252772730637,17.58538975644239,0.4014853079677371,1.2119260949785522,3.882938486415198,3.0517139674822062,3.5263605246161616,3.6645123340984145,4.697019839617971,0.002752714479698437,0.013602951627115445,0.027697798085237757,-0.6386658620069645,-2.1098046201570444,0.018841487301006765,0.0,0,0,0
2022-10-01,143.16,0.42,1.1581359723369784,527.1428571428571,46.8003646308113,3.3127439970051875,1.660722776985259,35.42028985507246,9992.260063079586,6910.239499863673,9718.445147661416,9521.512762033786,5769.498635222771,4.9,3620.1,3739.8,841.2,34.5,880.0000000000001,-8.182210160549875,29.83613387029578,10.147963860154508,-70.7874682472481,38.04914995367936,36.90201186857722,109.62,146.1725229079,96.08712093313,18.050392185881307,18.43852102578568,0.507252915428417,1.197776848072879,3.8458909941499013,3.5672848156942263,6.2674715879792595,3.63887874381319,4.697019839617971,0.10576760746067987,-0.014149246905673207,-0.0370474922652968,0.51557084821202,2.741111063363098,-0.025633590285224273,0.0,0,0,0
2022-11-01,116.72,0.37,1.279485170551899,287.46031746031747,43.6397050324788,3.386526006543366,1.3525056947608198,45.69892473118279,10000.0,6146.886223637496,9724.39711218392,9264.571252693138,4875.841599384851,0.0,4325.9,2995.4,1053.6,27.9,-100.0,19.496698986215844,-19.9048077437296,25.249643366619125,-19.130434782608685,41.33011716057892,37.08543966317189,122.44,139.44136053757,100.91678827657,18.464489654322453,24.023043221467045,0.3019589422736795,1.219804619118712,3.7759674018329257,3.8220747687652064,5.661084824485926,3.7215914632783678,4.807621114077212,-0.20529397315473752,0.022027771045832978,-0.06992359231697565,0.25478995307098007,-0.6063867634933331,0.08271271946517755,0.11060127445924106,0,0,0
2022-12-01,111.2,0.24,1.3472941513549452,47.77777777777778,57.25665601703941,3.276589334136788,1.312943562014194,41.28735632183908,5327.203893996755,7168.636457976912,9735.766650518932,9028.570766022503,4792.306337766181,0.9,3286.5,1991.4,1183.6,43.5,inf,-24.02737002704639,-33.51806102690792,12.33864844343202,55.91397849462365,38.945028666033046,40.22942995388673,122.44,130.91804770227,107.60328090433,18.870006696459075,22.847696879643387,0.2722716104015382,1.1868030442369102,4.047543897982776,3.7205563107675066,3.8665606313513887,3.662151130436169,4.807621114077212,-0.029687331872141287,-0.033001574881801776,0.2715764961498506,-0.10151845799769976,-1.7945241931345377,-0.05944033284219863,0.0,0,0,0
2023-01-01,104.27,0.29,1.0855245551502324,620.0,47.3449892896428,3.4259004091323426,1.4315822340176412,108.93939393939394,8792.924037460978,6187.437227149062,9879.183968234438,7728.719248319339,4614.332609229708,0.1,5181.9,4717.3,1281.1,6.6000000000000005,-88.88888888888889,57.67229575536283,136.88359947775433,8.237580263602574,-84.82758620689654,39.99392418956528,41.91813134500797,122.44,119.29483540626,114.01377472211,19.66191218082911,25.16699740070992,0.35878028995402217,1.2313643303411588,3.857460991216044,4.690791708688667,6.429719478039138,3.688727547315815,4.807621114077212,0.08650867955248398,0.04456128610424859,-0.19008290676673223,0.9702353979211602,2.563158846687749,0.026576416879645848,0.0,0,0,0
2023-02-01,120.99,0.33,-0.2220812326619029,158.33333333333334,70.04395198522623,3.5363332803307364,1.4454313176785498,48.94409937888199,10000.0,5715.026853548608,9470.232155103253,9040.928363318935,4046.934989306604,0.6,2707.5,1257.8,821.9,16.1,499.9999999999999,-47.75082498697388,-73.33644245648993,-35.84419639372414,143.93939393939394,37.3181658766164,40.6749993970528,122.81,110.53012409471,112.04267293367,19.57133891518728,26.225485483560853,0.36840776676813597,1.2630903938210154,4.249122930514962,3.8906788178674616,5.064702515366531,3.619480228914436,4.810638445622293,0.0096274768141138,0.031726063479856625,0.3916619392989178,-0.8001128908212052,-1.3650169626726063,-0.06924731840137888,0.0030173315450809923,0,0,0
2023-03-01,105.38,0.36,-1.1666491332872218,435.20833333333337,69.65124047926597,3.454371363335052,1.343000849173689,25.69811320754717,9990.430624202409,8269.872918807769,9687.525061260856,9146.24937546367,4373.556638009664,4.8,4490.2,2715.4,1530.9,53.0,700.0,65.84302862419204,115.8848783590396,86.26353570994037,229.1925465838509,39.7552247873633,39.35192305910476,122.81,103.46584154991,108.40148588524,19.479646906367496,24.079539881403544,0.2949065498370204,1.2396404908340894,4.243500510250502,3.246417573157336,6.075824843642721,3.682741273654234,4.810638445622293,-0.07350121693111555,-0.023449902986925952,-0.005622420264459471,-0.6442612447101257,1.0111223282761896,0.06326104473979788,0.0,0,0,0
2023-04-01,106.81,0.37,-1.3105417116357747,431.6666666666667,60.886611072504046,2.80245983935743,1.578800167808698,39.53736654804271,10000.0,8003.878255966129,9398.407312532425,7678.138393477066,4755.399932432487,2.4,6907.200000000001,1593.6,715.1,28.1,-50.0,53.82833726782774,-41.31251381012007,-53.28891501731008,-46.9811320754717,41.221302684213576,37.67608881490147,122.81,109.26437084516,107.37743003283,19.686388503026876,23.027997745944184,0.45666517109531174,1.0304975455697696,4.109013299518866,3.67724621329993,6.067653685465529,3.7189551781704524,4.810638445622293,0.16175862125829132,-0.20914294526431987,-0.1344872107316366,0.43082864014259403,-0.008171158177192162,0.03621390451621842,0.0,0,0,0
2023-05-01,108.47,0.3,-1.5888405772705054,385.2910052910053,51.41973955364581,2.355544880592918,1.551635333505022,79.39024390243902,0.0,7835.977863578397,9408.479313617265,7396.959418742789,4609.061800231712,0.0,4561.4,2914.4,776.5999999999999,16.4,-100.0,-33.96166319203151,82.88152610441767,8.600195776814413,-41.63701067615659,41.64724357972229,36.73682113047136,122.81,96.90788941533,100.51602661773,20.09394500680068,28.91025641025641,0.43930942862718847,0.8567720725077174,3.9400221367460713,4.374375487938361,5.953998906669782,3.729235185863933,4.810638445622293,-0.01735574246812327,-0.17372547306205222,-0.16899116277279447,0.6971292746384314,-0.11365477879574648,0.010280007693480808,0.0,0,0,0
2023-06-01,110.53,0.29,-1.1175374244785257,338.9153439153439,43.53435982225896,2.3891123765738467,1.5415939499709133,48.83720930232558,0.0,7631.149717204246,9617.581810232616,7987.860448558204,4593.289832939979,0.0,4838.5,3828.2,687.6,30.1,,6.074889288376384,31.35465275871534,-11.46021117692504,83.53658536585367,40.30996239653443,34.76779059867456,130.47,95.17403636424,101.21740711354,20.026009787250928,23.08493654351647,0.4328169135974186,0.8709219064059911,3.773550507274309,3.888492508017952,5.825750353230892,3.6965986442716416,4.871143315277656,-0.006492515029769885,0.014149833898273734,-0.1664716294717623,-0.4858829799204094,-0.1282485534388904,-0.03263654159229157,0.06050486965536361,0,0,0
2023-07-01,107.45,0.38,-0.9468427489317957,292.53968253968253,47.939750692520775,2.172082277537636,1.4522156967431927,26.365979381443296,10000.0,6581.52077226321,9677.42701651379,8591.097399437715,4443.536681735526,0.0,3754.4,2683.6,749.2,38.8,,-22.405704247184044,-29.899169322396947,8.958696916812103,28.903654485049856,39.139208884808994,33.28778142839144,130.47,100.85881612729,101.59374624907,19.828020743301643,27.218708925427176,0.3730904568459545,0.7756862823568168,3.869945028586391,3.272074519322399,5.678600324272336,3.6671247493162618,4.871143315277656,-0.059726456751464096,-0.0952356240491743,0.09639452131208204,-0.6164179886955532,-0.14715002895855545,-0.029473894955379887,0.0,0,0,0
2023-08-01,101.14,0.25,-1.0737442141193088,246.1640211640212,47.31154141104295,2.001654259718776,1.5141209522401302,49.53736654804271,8715.814506539835,6514.471620818788,8850.3136808989,8492.679595947266,4662.800155238472,0.0,5216.0,3385.2,676.3,28.1,,38.93032175580651,26.143985690863023,-9.730379071009088,-27.57731958762888,38.63933521224976,31.27555735787845,141.38,108.71200636355,99.63759487024,20.32061566858001,19.188641575810653,0.4148350410185589,0.6939739685359395,3.8567542701954363,3.902727264554665,5.505998066450809,3.654270804544394,4.951451300742808,0.041744584172604404,-0.08171231382087729,-0.013190758390954738,0.6306527452322661,-0.17260225782152716,-0.012853944771867631,0.08030798546515161,0,0,0
2023-09-01,98.63,0.5,-0.6592678582568519,199.7883597883598,32.5879570756085,1.9589339417193816,1.4893021954971333,69.11111111111111,0.0,8252.991211792723,9296.208216693509,9359.474531067468,4919.407367583049,0.0,4482.3,1928.6,715.1,4.5,,-14.066334355828214,-43.02847689944464,5.737098920597372,-83.98576512455516,37.694667780684576,32.50679338611301,141.38,117.72930651723,101.15714577908,20.82729404459405,20.74627180196824,0.39830768508917525,0.6724004179851707,3.483942805263549,4.23571551540296,5.2972586051997945,3.6295186462725146,4.951451300742808,-0.016527355929383647,-0.021573550550768816,-0.3728114649318872,0.3329882508482953,-0.20873946125101472,-0.024752158271879487,0.0,0,0,0
2023-10-01,197.89,0.27,-0.3750977693375081,153.41269841269838,33.22759438072995,1.8588047541052453,1.3109225413402958,24.589800443458984,8828.125,7696.98261121537,9567.929228939049,8765.51712263907,4994.166102248917,0.0,2868.7,2381.1,919.2,45.1,,-35.999375320705894,23.46261536866119,28.54146273248497,902.222222222222,37.94016187365836,32.36131953768791,141.38,115.68359866876,98.45993010939,19.80056725464294,19.371255449195,0.2707311193902094,0.6199336758460553,3.503380686749613,3.2023317408417347,5.033131665250898,3.63601023106757,4.951451300742808,-0.12757656569896586,-0.052466742139115397,0.019437881486064068,-1.0333837745612255,-0.2641269399488966,0.006491584795055516,0.0,0,0,0
2023-11-01,156.7,0.28,0.1607780576234897,107.037037037037,34.53900709219858,1.8392514265624575,1.1167840375586855,18.458274398868458,10000.0,8160.849627842102,9596.507523814204,9588.027753838358,5059.074294270487,0.0,2509.8,3697.7,1704.0,70.7,,-12.510893436051164,55.29377178614925,85.37859007832897,56.7627494456763,32.28069836703367,27.58453418880812,149.63,106.19514291231,101.15884001066,20.62825563086578,23.73494433679091,0.11045315990688849,0.6093586554517696,3.542089325698467,2.9155127468542665,4.673174915102148,3.4744694778341927,5.008165580195328,-0.1602779594833209,-0.010575020394285706,0.03870863894885401,-0.28681899398746813,-0.3599567501487497,-0.16154075323337747,0.05671427945252017,0,0,0
2023-12-01,142.28,0.15,-0.1676518256209488,60.66137566137565,28.704460002593027,1.982119179215187,1.1493522987045972,42.302158273381295,10000.0,8693.215323985964,9777.77798640089,9357.626446079175,4743.379494655004,0.0,3085.2,7617.099999999999,787.4000000000001,27.8,,22.926129572077446,105.995618898234,-53.79107981220657,-60.67892503536068,29.79569250368247,29.445436770663708,149.63,99.6081618902,102.38379486414,20.76026602299207,24.80910334535506,0.1391985651902888,0.6841665648846685,3.3570525114793375,3.744838107761981,4.105307180232362,3.394363836207162,5.008165580195328,0.02874540528340032,0.07480790943289894,-0.18503681421912965,0.8293253609077142,-0.567867734869786,-0.08010564162703071,0.0,0,0,0
2024-01-01,160.37,0.34,-0.3425964452993105,14.285714285714286,30.067201186448536,3.121693121693122,2.5942028985507246,49.92187500000001,10000.0,7802.592544177321,1973.570812984774,5321.151025248899,6048.696981051672,0.7,2157.7,37.8,138.0,12.8,inf,-30.06288085051212,-99.50374814561972,-82.4739649479299,-53.956834532374096,34.32484553796658,31.499599981175585,149.63,101.17928818347,102.03429450437,20.43843496450304,21.34759082710641,0.9532793012434956,1.1383755218401228,3.4034349160622406,3.9104592834519636,2.659260036932778,3.535869451657503,5.008165580195328,0.8140807360532067,0.45420895695545427,0.0463824045829031,0.1656211756899828,-1.4460471432995843,0.1415056154503409,0.0,1,0,0
2024-02-01,146.6,0.16,-0.1935878322701925,70.71428571428572,29.390579298904267,2.2123310253874053,1.5130336229693997,105.65789473684212,0.0,6478.937748552207,5977.842977427643,9437.12681245821,7397.337816314597,0.0,2290.7,303.3,529.4,7.6,-100.0,6.163970894934412,702.3809523809525,283.6231884057971,-40.625,34.35950752393981,31.402176144528845,149.47,102.22068193194,100.11113005976,19.68021038100274,18.65243639499784,0.41411665727535857,0.7940467222771465,3.3806741909852707,4.6602064666544765,4.258647613513377,3.536878764182716,5.007095703797723,-0.539162643968137,-0.34432879956297635,-0.022760725076969912,0.7497471832025129,1.599387576580599,0.0010093125252130797,-0.0010698763976053627,1,0,0
2024-03-01,133.21,0.27,-0.3560439565121814,127.14285714285715,23.55407209612817,1.916194586817732,1.1380145278450362,35.57142857142857,7551.020408163265,9632.607199257369,8892.714880621936,8449.255062079203,4987.151820131934,0.0,1123.5,1112.1,784.7,35.0,,-50.953856899637664,266.6666666666667,48.22440498677749,360.5263157894737,32.166148670883764,28.701862076060493,149.47,104.23481988276,101.47176346389,19.716862060187804,19.524681432461826,0.12928510174307142,0.6503412332738207,3.1592987183014927,3.5715427474093944,4.845311313670872,3.4709146160513265,5.007095703797723,-0.2848315555322871,-0.1437054890033258,-0.221375472683778,-1.088663719245082,0.5866637001574952,-0.06596414813138951,0.0,0,0,0
2024-04-01,163.95,0.27,-0.960480971644586,183.57142857142856,20.39123217384743,1.8733649444081095,1.2487144326362702,53.53260869565218,5200.0,4813.123807441959,8922.611902967112,6791.952701299056,4084.217578396763,0.0,2650.6,2446.4,1166.8,18.4,,135.92345349354696,119.98021760633036,48.69376831910284,-47.42857142857143,33.54022927029291,28.6436170212766,149.47,109.59439107507,110.53164496672,19.139137186278216,19.824686798896103,0.22211456820163855,0.627736249334326,3.015105013062019,3.980290976557149,5.212603848274007,3.5127455920989776,5.007095703797723,0.09282946645856713,-0.022604983939494616,-0.1441937052394735,0.40874822914775466,0.36729253460313505,0.04183097604765118,0.0,0,0,0
2024-05-01,130.52,0.26,-0.5861395273031874,240.0,17.620121732903687,1.823081133425961,1.16857551896922,48.38095238095238,8828.125,6184.759262313822,9402.487612606605,7367.503969193897,4633.559892119783,0.2,2793.0,2375.1,558.8,21.0,inf,5.372368520335025,-2.914486592544152,-52.108330476516976,14.130434782608711,30.43537127757921,26.191983437943144,149.62,102.61900688816,116.6368592216,19.272443645833118,19.007488799502926,0.15578550189362447,0.6005280001510377,2.8690415292755236,3.8791061904150044,5.480638923341991,3.415605460904804,5.008098746444259,-0.06632906630801408,-0.027208249183288347,-0.14606348378649558,-0.10118478614214466,0.2680350750679841,-0.09714013119417375,0.0010030426465359454,0,0,0
2024-06-01,113.09,0.34,-0.3514855401773258,250.0,14.904701397712834,1.7858882754140952,1.1224381437825208,22.697095435684645,6352.0,8193.149085308045,9040.356203214467,8062.920620201942,4665.250711041445,0.1,3384.1,2463.2000000000003,941.7,48.2,-50.0,21.163623344074463,3.709317502420961,68.52183249821047,129.52380952380955,25.8484164002073,26.525012061570184,149.62,103.76640070701,110.61840585026,18.92561198887909,20.544527004546964,0.11550323335421994,0.579915924738429,2.701676693230118,3.122236961925372,5.521460917862246,3.252249337964062,5.008098746444259,-0.04028226853940453,-0.020612075412608677,-0.16736483604540542,-0.7568692284896326,0.04082199452025481,-0.16335612294074187,0.0,0,0,0
2024-07-01,92.39,0.19,-0.0486099422160363,142.85714285714286,15.926156860998528,1.6717113732039104,1.0123272319760928,31.27450980392157,6800.000000000002,8603.025991240278,9460.048228464757,9022.616794433628,4943.998683189041,0.0,2245.3,2874.3,803.0999999999999,40.8,-100.0,-33.65148784019384,16.689671971419283,-14.718063077413202,-15.352697095435698,25.18418582223157,29.412537936633736,149.62,105.97956577776,106.83578881042,19.40065098230473,18.131091225568003,0.01225187035339419,0.5138478760794555,2.767962843152473,3.442803382494619,4.961845129926823,3.2262162507906638,5.008098746444259,-0.10325136300082575,-0.06606804865897353,0.06628614992235482,0.32056642056924733,-0.5596157879354227,-0.02603308717339825,0.0,0,0,0
2024-08-01,140.98,0.17,0.2061690779017883,35.714285714285715,13.44955300127714,1.7456450237544157,1.325674690007294,35.54666666666667,6800.000000000002,4750.368120181392,8528.436237058004,6350.247573926879,4076.62493267728,0.7,1566.0,820.9000000000001,548.4,37.5,inf,-30.25430900102437,-71.44000278328637,-31.714605902129243,-8.088235294117641,24.29545364657491,27.135176953437448,127.42,102.64616092659,103.49643474305,19.029212467415064,19.484776606913712,0.28192152984536006,0.5571241284739512,2.598945871389794,3.5708463872023435,3.575550768806933,3.1902892401089313,4.847488716688342,0.26966965949196586,0.04327625239449573,-0.16901697176267882,0.12804300470772434,-1.3862943611198904,-0.03592701068173243,-0.16061002975591698,0,0,0
2024-09-01,130.36,0.27,0.1018861177987385,34.583333333333336,12.935204048104094,1.6455294863665189,1.09709662065683,45.575221238938056,10000.0,7168.601932449716,9085.915370079558,8390.017927640092,5747.241859636997,0.0,3043.4,1261.6,840.4,33.9,-100.0,94.34227330779056,53.68497990010961,53.245805981035744,-9.600000000000009,25.013833498839688,27.34216378958197,127.42,95.37315593015,105.39443060013,18.634700747418268,22.73363618182338,0.0926672545857484,0.4980622086369507,2.5599525903959894,3.8193641749454414,3.543371870442698,3.2194290117856874,4.847488716688342,-0.18925427525961167,-0.05906191983700049,-0.038993280993804724,0.24851778774309796,-0.03217889836423504,0.029139771676756077,0.0,0,0,0
2024-10-01,130.69,0.4,-0.3497054627083099,33.45238095238096,12.748698382417231,1.8286064425770308,1.0234343969283728,84.90322580645162,10000.0,6247.165176336602,8707.180996172936,8088.96304614504,5126.881218761836,0.0,2516.1,1142.4,755.3,15.5,,-17.326016954721702,-9.448319594166122,-10.12613041408853,-54.27728613569322,28.33267516642221,26.08135055651876,127.42,97.67069300607,110.64700510672,18.10354864934872,20.296910860790884,0.02316402726801964,0.6035541699712458,2.5454291787395853,4.441512087960062,3.510122963484478,3.344015738132007,4.847488716688342,-0.06950322731772876,0.10549196133429506,-0.01452341165640414,0.6221479130146204,-0.033248906958220026,0.1245867263463194,0.0,0,0,0
2024-11-01,128.9,0.85,-0.2833822216751963,32.32142857142857,15.815824228598872,1.7384408930096378,1.2763466042154568,54.61956521739131,3719.0082644628087,6606.986648241506,8971.297014465992,7928.282629907073,4972.198707952774,0.0,832.9,1639.4,768.5999999999999,36.8,,-66.89718214697349,43.504901960784295,1.7608897126969447,137.4193548387097,24.331491778277563,25.072655217965654,135.71,96.51379612081,107.17210036564,17.021326233407652,23.83594410898165,0.2440017814346196,0.552988673043766,2.7610109722885325,4.000392155878236,3.4757304335247223,3.191771469271622,4.910520256093279,0.22083775416659995,-0.0505654969274798,0.21558179354894724,-0.44111993208182554,-0.03439252995975561,-0.15224426886038467,0.06303153940493722,0,0,0
2024-12-01,142.37,0.54,-0.2646679621254245,31.19047619047619,12.641253706056755,1.6749704658688171,1.1090573012939,62.752293577981646,7812.5,6697.085737925636,9194.752438871066,6867.619986850756,5394.747529154269,0.0,2361.0,1946.9,703.3000000000001,21.8,,183.4674030495858,18.756862266682937,-8.495966692687984,-40.76086956521738,23.49247197447017,24.375628083835046,135.71,96.48994286347,105.94958692016,16.617357625001823,21.91591387204554,0.10351037636966469,0.5157955328044546,2.5369655694059006,4.139195128387453,3.440112797911829,3.1566800283179033,4.910520256093279,-0.1404914050649549,-0.03719314023931142,-0.22404540288263197,0.13880297250921636,-0.03561763561289322,-0.035091440953718855,0.0,0,0,0
2025-01-01,113.23,0.35,-0.1810866031140553,30.05952380952381,13.938836444792951,1.6417816417816418,1.0385374645953136,86.84523809523809,0.0,6134.11607152944,9311.100365235428,9528.952940372925,6040.637371217199,0.0,3315.7000000000003,1587.3,1165.1,16.8,,40.43625582380348,-18.47038882325748,65.66187970993886,-22.93577981651376,25.04411901559182,27.871886235233696,135.71,103.52961322417,105.9846951699,16.9352099581906,16.425202406595854,0.03781343936489123,0.4957820191065947,2.634678933038975,4.464127662113572,3.4031795428661464,3.220639030131468,4.910520256093279,-0.06569693700477346,-0.020013513697859864,0.09771336363307448,0.32493253372611974,-0.03693325504568268,0.06395900181356451,0.0,0,0,0
2025-02-01,136.97,0.33,-0.0029362954939949,28.92857142857143,15.441523689595469,1.9897565424822845,1.2970014278914803,48.06338028169014,10000.0,7207.459012262551,9210.58782806591,7341.082400471341,3803.668370701336,0.0,2541.2,1425.3,840.4,28.4,,-23.35856681846972,-10.206010206010207,-27.8688524590164,69.04761904761905,26.63071213175597,26.271790566325752,135.1,99.15870815571,109.64260751964,16.79830644070594,20.58108445331717,0.26005500625234407,0.6880122907910329,2.7370602242869215,3.8725205624518995,3.364829737491281,3.2820651411789887,4.906015244966153,0.22224156688745283,0.19223027168443818,0.10238129124794648,-0.5916070996616729,-0.03834980537486565,0.06142611104752094,-0.004505011127125869,0,0,0
2025-03-01,173.91,0.39,-0.1853820027347241,27.79761904761905,13.78528764539453,1.864495798319328,0.9695646590471296,46.16541353383458,0.0,8180.957832466144,9492.68542331579,8604.385772553835,5239.790342603103,0.0,3181.0,2475.2,1557.4,26.6,,25.17708169368802,73.66168525924365,85.31651594478822,-6.338028169014088,25.15973995030464,26.00462556946504,135.1,95.05747037699,111.840848125,17.548718081928463,18.22101209943772,-0.030908113333915906,0.622990667118151,2.6236019108082584,3.8322308929194344,3.324950371259684,3.2252450959403762,4.906015244966153,-0.29096311958626,-0.06502162367288189,-0.11345831347866309,-0.040289669532465044,-0.0398793662315966,-0.056820045238612504,0.0,0,0,0
2025-04-01,140.97,0.32,-0.2496712288142155,26.666666666666668,11.738956945054069,1.8390629753574688,1.272371115662007,31.83838383838384,7812.5,7176.063886421199,9189.07723367821,8114.886038037434,5313.111971449921,0.3,2506.1,3287.0,1123.1,49.5,inf,-21.21659855391387,32.79734970911443,-27.88622062411713,86.09022556390977,29.139838408949657,25.28501389626206,135.1,87.89168433572,103.96273845492,18.081504051801296,17.331255530169965,0.24088217996087705,0.6092561893846736,2.4629129642053647,3.46067260084318,3.283414346005772,3.37210625541708,4.906015244966153,0.27179029329479293,-0.013734477733477357,-0.1606889466028938,-0.37155829207625457,-0.04153602525391209,0.14686115947670375,0.0,0,0,0
2025-05-01,165.66,0.32,0.2769929128763799,27.77777777777778,9.296703296703296,1.6492450638792102,1.5436930578724497,113.66071428571428,10000.0,6805.857636499367,9486.25852782272,6428.891749567616,9431.444917061031,0.0,2138.5,2927.4,779.3,11.2,-100.0,-14.66820956865248,-10.940066930331604,-30.61169975959398,-77.37373737373737,28.41377445777341,25.80933837845781,126.24,84.04538713492,106.80645129991,18.44947762439004,16.45953865057532,0.43417763512516366,0.5003176461675756,2.229659853089373,4.733217820256358,3.324236340526027,3.3468740437036426,4.838184857097564,0.19329545516428662,-0.10893854321709806,-0.23325311111599145,1.2725452194131779,0.04082199452025481,-0.02523221171343737,-0.06783038786858953,0,0,0
2025-06-01,222.38,0.42,0.0843016065323678,28.88888888888889,13.57242568566267,1.9125877231944568,1.2763140473983847,132.0,10000.0,8860.910354589798,7969.603113770544,7660.895990082816,9953.46145695796,0.0,2435.6,1125.7,755.3000000000001,6.5,,13.892915595043242,-61.54608184737309,-3.0796868984986348,-41.96428571428571,26.350702418945925,27.5772803745154,126.24,92.18303852183,108.65865391084,18.058799717098776,17.304347826086957,0.24397627329114333,0.6484571540036047,2.608040211421468,4.882801922586371,3.3634570536793085,3.2714949318975726,4.838184857097564,-0.19020136183402034,0.14813950783602914,0.3783803583320946,0.14958410233001285,0.03922071315328157,-0.07537911180607004,0.0,0,0,0
2025-07-01,134.02,0.35,0.0234438482011226,30.0,10.566074064565816,1.6168941979522184,1.2559004434272636,131.52542372881356,10000.0,6810.111950960004,9202.88661826842,7080.105437393953,9745.290413433944,0.1,3116.2000000000003,3281.6,699.1,5.9,inf,27.94383314173101,191.516389801901,-7.440752019065277,-9.23076923076922,24.89555231229637,25.05585721915613,126.24,91.65690529503,110.2950258539,18.07221814719016,17.304449728096383,0.22785280011717715,0.4805071473795688,2.3576483084247126,4.879200169271545,3.4011973816621555,3.2146891655197236,4.838184857097564,-0.016123473173966174,-0.16795000662403592,-0.2503919029967552,-0.0036017533148253733,0.03774032798284699,-0.056805766377848954,0.0,0,0,0
2025-08-01,138.56,0.27,-0.0847618886925328,610.0,10.466575716234653,1.8082411811947856,1.4275558083321482,52.05574912891986,9677.506046761624,9039.88110387311,8973.71747950849,7375.220234599451,6400.55088717207,0.1,4764.5,1618.7,703.3000000000001,28.7,0.0,52.89455105577305,-50.67345197464651,0.6007724216850363,386.4406779661017,25.637078254725317,24.78355125760465,126.24,88.08402978068,109.99251451984,18.548495827818897,16.685061055526997,0.35596375693770177,0.5923546497519708,2.3481869146766225,3.9523152429271873,6.413458957167357,3.2440396729355583,4.838184857097564,0.12811095682052462,0.11184750237240204,-0.009461393748090074,-0.9268849263443579,3.012261575505202,0.02935050741583467,0.0,0,0,0
2025-09-01,125.87,0.24,-0.0227186884350048,610.0,10.078125000000002,1.3307852675469076,1.3580883616984698,74.22885572139303,5555.555555555556,8176.747457746375,8709.43833552618,8357.53885595257,5258.060864377664,0.0,1446.4,1439.0,581.7,20.1,-100.0,-69.64214503095813,-11.101501204670416,-17.289918953504912,-29.965156794425084,25.249726327312533,23.06102285431996,126.24,87.58423865793,113.14290563799,18.677522690870266,16.781918790078098,0.3060780945443512,0.2857691947273786,2.310367233436101,4.307152965698676,6.413458957167357,3.2288153171403557,4.838184857097564,-0.04988566239335057,-0.3065854550245922,-0.037819681240521597,0.35483772277148873,0.0,-0.015224355795202538,0.0,0,0,0
2025-10-01,154.51,0.33,-0.0791269195415028,610.0,8.418136275080332,1.8038910505836576,1.385058342173057,90.37878787878788,10000.0,6083.2926307730895,8387.8429010758,8077.630249606176,6187.961488116275,0.0,3952.3,642.5,659.9,13.2,,173.2508296460177,-55.3509381514941,13.443355681622826,-34.32835820895524,23.544678590401983,23.62889044036976,126.24,84.28490825219,119.32314422527,18.62422506987891,16.238828232205716,0.32574226306477433,0.5899460265703769,2.130388458751479,4.504009592505591,6.413458957167357,3.158899832738126,4.838184857097564,0.01966416852042313,0.30417683184299826,-0.17997877468462198,0.19685662680691518,0.0,-0.06991548440222983,0.0,0,0,0
2025-11-01,104.34,0.2,-0.1495696387005022,610.0,9.369352121304946,1.5630608582150434,1.8073694029850744,38.5924713584288,10000.0,7167.336119542815,7532.23595608457,7073.115504682623,5065.8829487763305,0.0,2611.6000000000004,1225.8,428.8,61.1,,-33.92202008956809,90.78599221789882,-35.020457645097736,362.8787878787879,25.9706001767333,24.921284420330977,127.28,83.95930884271,119.88874384892,18.65161259358802,16.290199183577386,0.5918724195967546,0.44664598747917456,2.237443949922206,3.6530572149197664,6.413458957167357,3.256965135793958,4.846389384029531,0.2661301565319803,-0.1433000390912023,0.1070554911707271,-0.8509523775858248,0.0,0.09806530305583205,0.008204526931967493,0,0,0
2025-12-01,131.39,0.2,0.5557115372226148,610.0,9.926049739148052,1.3983920629490252,1.4085112480298037,54.664948453608254,10000.0,6959.352580251102,8529.723461362211,8650.072597328543,4449.97278066865,0.0,1974.3,1169.1999999999998,697.9,38.8,,-24.402665032930017,-4.617392723119607,62.75652985074627,-36.49754500818331,24.32813229634639,24.734444249305245,128.08,82.91706472923,126.26901709529,18.19238145728408,19.356409312221267,0.3425332941240606,0.33532305009426305,2.295162588148871,4.0012227079354545,6.413458957167357,3.191633388388327,4.85265506868846,-0.24933912547269405,-0.1113229373849115,0.05771863822666479,0.3481654930156881,0.0,-0.06533174740563075,0.0062656846589286275,0,0,0
