YearMonth,GPR,GPRC_KOR,GSCPI,UP_수산화리튬,UP_탄산리튬,UP_흑연_기타,UP_흑연_인상,UP_희토류화합물,HHI_수산화리튬,HHI_탄산리튬,HHI_흑연_기타,HHI_흑연_인상,HHI_희토류화합물,VOL_수산화리튬,VOL_탄산리튬,VOL_흑연_기타,VOL_흑연_인상,VOL_희토류화합물,VOL_CHG_수산화리튬,VOL_CHG_탄산리튬,VOL_CHG_흑연_기타,VOL_CHG_흑연_인상,VOL_CHG_희토류화합물,Bat_Export_UnitPrice,Bat_Import_UnitPrice,PPI_리튬이온,Energy_Index,Metals_Minerals_Index,EV_Export_UnitPrice,EV_Import_Unit_Price,LOG_UP_흑연_인상,LOG_UP_흑연_기타,LOG_UP_탄산리튬,LOG_UP_희토류화합물,LOG_UP_수산화리튬,LOG_Bat_Export_UnitPrice,LOG_PPI_리튬이온,DIFF_LOG_UP_흑연_인상,DIFF_LOG_UP_흑연_기타,DIFF_LOG_UP_탄산리튬,DIFF_LOG_UP_희토류화합물,DIFF_LOG_UP_수산화리튬,DIFF_LOG_Bat_Export_UnitPrice,DIFF_LOG_PPI_리튬이온,D_graphite_shock,D_ukraine,D_covid
2015-01-01,111.99,0.12,-0.516586863,123.0,5.304347826,2.253698458,1.258513698,142.3255814,7168.352171,7076.453513,8367.911426,6998.953922,4884.072365,1.0,1138.5,317.7,1321.4,4.3,,,,,,38.52950263,64.36182199,97.36,63.749081,73.85319469,,,0.229931419920173,0.8125726258340579,1.6685268287877133,4.958117259845489,4.812184355372417,3.6514242499121328,4.578415448679272,,,,,,,,0,0,0
2015-02-01,111.92,0.12,-0.326826573,17.3480663,5.288378766,2.792534099,1.57504562,84.82142857,5080.327802,7509.417002,6926.137152,5378.617746,4341.761773,18.1,1394.0,139.3,876.8,5.6,1710.0,22.4418094,-56.15360403,-33.64613289,30.23255814,38.4499636,59.65144455,97.59,73.76619467,72.37040325,,,0.4542842369374816,1.0269494628087787,1.6655117274426576,4.440548206276696,2.8534810477320147,3.6493577492672,4.5807750291533695,0.4164707971829208,0.5311674435691833,-0.9691672052524614,-0.023579455891709,-0.5496984951499737,0.4287187189597152,-0.3297452269399095,0,0,0
2015-03-01,104.24,0.11,-0.391897764,11.32,5.430325933,2.081722805,1.94668008,140.2380952,5564.434567,8190.401406,7432.191882,4346.389736,5809.478239,25.0,1058.5,362.2,596.4,4.2,38.12154696,-24.06743185,160.0143575,-31.97992701,-25.0,37.30921508,60.21620671,98.86,71.14510518,71.77724587,,,0.6661253985592461,0.7331958225201816,1.6919991566380006,4.943341658090617,2.4265710727750367,3.619240349220292,4.593704707878813,0.4060703922232324,0.0451835319715323,-1.0450610676751182,1.0708210956738822,-0.9382586647656268,0.3371752081072414,-0.31231053708734,0,0,0
2015-04-01,102.19,0.2,-0.364367652,15.47169811,5.423195347,2.654155496,1.565750575,210.0,5009.637121,9639.431904,7027.344149,5700.45479,4511.546115,26.5,1461.5,223.8,913.3,4.2,6.0,38.07274445,-38.21093319,53.13547954,0.0,36.81858781,56.97502465,96.72,73.35885199,72.13660555,,,0.4483653096594666,0.9761265234929009,1.690685189153723,5.3471075307174685,2.73901242649886,3.606002821185644,4.571820206306537,0.4792734230419915,0.3531358565460175,-0.9329167219886214,1.514876637881096,-0.5859379448464774,0.3807577252573759,-0.3341950386596162,0,0,0
2015-05-01,76.26,0.13,-0.55630285,12.88235294,5.329624709,2.319461444,1.321804001,129.7959184,5158.566335,9547.419215,5894.347714,6722.309082,4362.811993,17.0,1204.4,163.4,1474.5,4.9,-35.8490566,-17.59151557,-26.98838248,61.44749808,16.66666667,36.05374437,54.74036851,96.72,79.25739761,74.63688614,,,0.2789974709826044,0.8413350225235423,1.6732808246293591,4.865963358475113,2.5558583856689605,3.585010724356674,4.571820206306537,0.0381152907560871,0.2320788333332442,-0.7896321399973321,1.4052907575811724,-0.7275559604618116,0.2129044689035488,-0.3341950386596162,0,0,0
2015-06-01,85.91,0.15,-0.875712447,9.927184466,5.585876199,2.413793103,1.381815666,79.66292135,6567.452371,8949.932556,6283.755102,6195.575286,3827.894828,41.2,1147.0,145.0,1445.2,8.9,142.3529412,-4.765858519,-11.26070991,-1.987114276,81.63265306,36.15950765,51.88341602,98.55,76.68485816,70.31336858,,,0.323398334394308,0.8811994118771708,1.720241304549139,4.37780424981519,2.295276899685365,3.5879399195573853,4.590564033598729,-0.1107793008134823,0.3808817656363557,-0.5094185485721492,-0.3554135705668546,-1.0289594409206615,0.2410658757753796,-0.2476208234988348,0,0,0
2015-07-01,106.81,0.11,-0.418396039,10.45180723,5.512844671,2.624184646,1.353786219,76.05263158,6103.281316,9646.696405,8176.866073,6612.141941,5345.781301,33.2,1592.1,199.3,1232.1,7.6,-19.41747573,38.80557977,37.44827586,-14.74536396,-14.60674157,35.57088139,52.58954501,98.55,69.97397857,65.74767693,,,0.3029052735458033,0.964770236746365,1.70708076416981,4.331425621393933,2.346774904128163,3.5715273646806387,4.590564033598729,0.0589290005667968,0.3163130828444324,-0.900959447571227,-0.5513763011924375,-1.0166821495896068,0.3000324327430643,-0.2476208234988348,0,0,0
2015-08-01,82.48,0.13,-0.689223074,12.95719844,5.516668717,2.545668827,1.460602178,136.0465116,5083.37166,9005.455555,4861.432613,5400.219298,4254.306377,25.7,1625.8,169.7,936.6,4.3,-22.59036145,2.116701212,-14.85198194,-23.9834429,-43.42105263,35.87947391,57.06682537,98.55,60.2653079,62.65317939,,,0.3788488013707737,0.934393415869439,1.7077741848165249,4.912996824327212,2.5616514978029934,3.580165374597036,4.590564033598729,0.1509960015938015,0.4538862684603187,-0.6498741231760679,0.033796655274739,-0.8395458838591621,0.3654762091695525,-0.2476208234988348,0,0,0
2015-09-01,98.77,0.12,-0.404294847,110.0,5.672477324,2.395727365,1.262586675,51.64893617,7024.793388,8868.004187,8516.685374,6042.228261,4877.333506,0.1,1411.2,196.6,1658.5,18.8,-99.61089494,-13.19965555,15.85150265,77.07666026,337.2093023,35.57634118,50.97215103,105.26,60.309279,63.4023901,,,0.2331625332761831,0.8736868862163027,1.7356259401319172,3.944469598451302,4.700480365792417,3.57168084333556,4.656433479925633,-0.1228012234288493,0.2813322365720528,-0.6125609749044554,-0.0078456444966348,-1.712978591374941,0.3276411705843181,-0.1817513771719303,0,0,0
2015-10-01,91.93,0.06,-0.250543527,86.25,5.721661401,2.373853211,1.194283104,137.8787879,9574.669187,9617.286037,8704.828584,5385.445967,4925.564545,1.6,1297.7,436.0,1532.3,6.6,1500.0,-8.042800454,121.7700916,-7.609285499,-64.89361702,35.93735526,51.91699605,102.02,60.50797016,62.2166566,,,0.1775460923929753,0.8645144623465705,1.7442592179381802,4.926374950632362,4.457250055911469,3.5817772910016323,4.625168872494781,-0.1285320023734013,0.5787452672787219,-0.5661080154979203,0.6192219849524525,-1.956208901255888,0.3529619737548413,-0.2130159846027828,0,0,0
2015-11-01,150.72,0.11,-0.649717955,73.33333333,5.606296273,2.222465035,1.192716033,174.5070423,9132.231405,9215.803282,9085.768098,5948.035707,5081.677601,0.6,1607.3,457.6,1488.2,7.1,-62.5,23.85759421,4.95412844,-2.878026496,7.575757576,35.74343964,51.64505007,102.02,55.87089747,57.83254253,,,0.1762330871213412,0.7986169559987043,1.723890300614764,5.161965097848216,4.295015257638798,3.576366745727199,4.625168872494781,-0.1495091758184875,0.208670929197525,-0.4064981581271725,0.6579555053292134,-2.11844369952856,0.4174669130061463,-0.2130159846027828,0,0,0
2015-12-01,148.24,0.11,-0.609495466,83.0,6.25104184,2.427542596,1.167411058,63.22580645,9415.73523,8747.487289,9252.493817,5812.946861,6777.326577,2.0,1199.8,569.3,1298.6,9.3,233.3333333,-25.35307659,24.40996503,-12.74022309,30.98591549,34.64553387,47.15107914,102.02,48.30035031,56.31368038,,,0.1547885260743685,0.8868794683002461,1.8327481442563425,4.146712547713906,4.418840607796598,3.545168824687849,4.625168872494781,-0.4370838935306443,0.4402334809586499,-0.4046958056333163,0.493655332753427,-1.994618349370759,0.2882036887681067,-0.2212205115347503,0,0,0
2016-01-01,118.21,0.48,-0.804878311,88.63636364,6.061811506,2.526974536,1.263692419,79.74358974,9697.04142,7757.19856,8551.326864,5682.028786,5509.765201,2.2,1307.2,463.4,1378.5,3.9,10.0,8.951491915,-18.60179167,6.152779917,-58.06451613,34.17337985,50.54266896,102.02,40.85613577,55.21308139,,,0.2340379267140961,0.9270227515844116,1.8020086837938745,4.378816358998617,4.484542198240503,3.531446974024649,4.625168872494781,0.0041065067939231,0.1144501257503537,0.1334818550061609,-0.5793009008468717,-0.3276421571319146,-0.1199772758874835,0.0467534238155087,0,0,0
2016-02-01,103.75,0.36,-0.758825123,40.0,5.983479608,2.485406376,1.047008547,156.1702128,10000.0,8259.259452,8390.239006,7441.749989,3842.741427,0.1,1743.3,445.4,982.8,4.7,-95.45454545,33.36138311,-3.884333189,-28.70511425,20.51282051,33.66622429,57.2119364,105.9,42.84032597,57.68103066,,,0.0459370951788621,0.9104361777682964,1.789002272986853,5.050946520116487,3.688879454113936,3.5164950881858306,4.662495252607361,-0.4083471417586194,-0.1165132850404824,0.1234905455441957,0.6103983138397906,0.8353984063819215,-0.132862661081369,0.0817202234539911,0,0,0
2016-03-01,109.72,0.43,-0.663559745,90.5,6.375654381,2.373235755,1.338738894,29.38461538,9462.775862,8342.773543,8137.383803,5278.506616,4412.312041,2.0,1891.1,382.6,1159.3,19.5,1900.0,8.478173579,-14.09968568,17.95889296,314.893617,34.59971163,59.76872247,105.58,48.74117217,61.19185776,,,0.2917280469470918,0.8642543214442597,1.8524867337765445,3.3804712509879704,4.505349850705881,3.543845347635884,4.65946895939547,-0.3743973516121543,0.1310584989240781,0.1604875771385439,-1.5628704071026465,2.078778777930844,-0.0753950015844084,0.0657642515166569,0,0,0
2016-04-01,85.22,0.26,-0.281078855,98.42105263,7.102244998,2.266843677,1.251078516,116.8518519,9893.620063,6703.960871,8212.733848,5467.277345,4595.954903,1.9,1639.2,301.3,1043.1,5.4,-5.0,-13.32028978,-21.24934658,-10.02328992,-72.30769231,34.48383733,60.60214259,101.96,52.27638247,61.99894561,,,0.2240059921052132,0.8183884132589854,1.9604109309689728,4.760906909383029,4.589254730666149,3.540490731076374,4.6245805795079145,-0.2243593175542534,-0.1577381102339154,0.2697257418152505,-0.5862006213344397,1.8502423041672893,-0.0655120901092702,0.0527603732013775,0,0,0
2016-05-01,88.33,0.25,-0.716856765,40.0,7.176904177,2.45213302,1.395649151,51.22699387,6250.0,9101.305859,7935.072246,4934.522106,4523.604288,1.9,1628.0,297.7,1006.7,16.3,0.0,-0.683260127,-1.194822436,-3.489598313,201.8518519,34.11717302,59.41004102,104.09,57.6539307,59.97948963,,,0.333359648254319,0.8969582661946788,1.9708681169584976,3.936266617135145,3.688879454113936,3.529800865146344,4.645255909527377,0.0543621772717145,0.0556232436711364,0.2975872923291385,-0.9296967413399684,1.1330210684449755,-0.05520985921033,0.0734357032208397,0,0,0
2016-06-01,90.17,0.17,-0.292323322,23.75,7.396424134,2.593203563,1.48232395,43.24742268,9002.770083,9064.760973,8088.851336,3810.079408,5264.86637,0.8,1851.3,303.1,1055.1,19.4,-57.89473684,13.71621622,1.813906617,4.807787822,19.01840491,33.67359499,59.40609952,104.0,60.23135721,60.25668068,,,0.3936110927302279,0.952894008295856,2.0009966582840977,3.766937640388389,3.1675825304806504,3.516713998783104,4.6443908991413725,0.0702127583359198,0.0716945964186853,0.2807553537349587,-0.6108666094268016,0.8723056307952852,-0.0712259207742813,0.0538268655426437,0,0,0
2016-07-01,114.61,0.27,-0.175316145,134.0,7.206314495,2.528658125,1.663230986,172.6,8618.846068,8948.993644,6958.897778,3447.533264,5438.612509,1.0,1463.3,296.6,921.7,5.0,25.0,-20.95824556,-2.144506763,-12.64335134,-74.22680412,33.96790196,56.55861565,101.65,57.27880424,63.49255155,,,0.5087620877392537,0.9276887766598578,1.974957654865087,5.150976778649327,4.897839799950911,3.5254160187108567,4.621535540074356,0.2058568141934503,-0.0370814600865071,0.2678768906952768,0.8195511572553942,2.551064895822748,-0.0461113459697819,0.0309715064756268,0,0,0
2016-08-01,98.74,0.15,0.085352278,128.5714286,9.434659981,2.475133009,1.148675843,75.49019608,8942.320988,8359.331606,8559.297755,5541.378628,4845.688799,3.5,1595.5,432.3,1242.3,15.3,250.0,9.034374359,45.75185435,34.78355213,206.0,34.65483126,54.29066543,101.65,58.41562604,63.78019706,,,0.1386098380882492,0.9062941355867582,2.244390140121313,4.324002794578283,4.85648461449122,3.545437146219441,4.621535540074356,-0.2402389632825244,-0.0280992802826808,0.5366159553047882,-0.5889940297489282,2.2948331166882263,-0.0347282283775944,0.0309715064756268,0,0,0
2016-09-01,104.55,0.44,-0.296494268,96.78571429,9.747327502,2.513192612,1.35177214,81.42857143,0.0,9386.16967,8761.130362,4296.834262,5315.918668,0.0,1955.1,454.8,1091.9,12.6,-100.0,22.53838922,5.204718945,-12.10657651,-17.64705882,34.35627571,40.73414905,101.65,59.08669512,62.82845414,,,0.30141642791411,0.9215539018638366,2.2769931450778635,4.399726211790826,4.572499403742823,3.5367847009620093,4.621535540074356,0.0682538946379268,0.0478670156475338,0.5413672049459464,0.4552566133395239,-0.1279809620495937,-0.0348961423735509,-0.0348979398512776,0,0,0
2016-10-01,85.75,0.11,-0.061473519,65.0,8.813010237,2.328836854,1.625153124,131.4473684,5739.64497,7746.143592,8034.124638,3793.310494,5792.990187,0.2,1543.4,392.9,734.7,7.6,inf,-21.05774641,-13.61037819,-32.71361846,-39.68253968,34.40165297,42.66065021,101.65,64.39411965,64.13285632,,,0.4856020414961648,0.8453689386418176,2.176229065696333,4.878606531196108,4.174387269895637,3.538104614678407,4.621535540074356,0.3080559491031894,-0.0191455237047528,0.4319698477581533,-0.0477684194362542,-0.2828627860158326,-0.0436726763232253,-0.0036333324204251,0,0,0
2016-11-01,82.92,0.24,-0.31335856,115.6666667,9.962655017,2.065565032,1.223265725,178.9830508,9772.110058,8805.368907,8277.494277,6245.30281,5300.680814,3.0,1419.2,375.2,1267.1,5.9,1400.0,-8.047168589,-4.504963095,72.46495168,-22.36842105,34.19144671,43.58349393,101.65,60.92628963,71.52669221,,,0.201524106203591,0.7254038122295354,2.2988436040454654,5.1872911130893815,4.750712491566934,3.5319755165904594,4.621535540074356,0.0252910190822498,-0.0732131437691688,0.5749533034307015,0.0253260152411654,0.4556972339281362,-0.0443912291367394,-0.0036333324204251,0,0,0
2016-12-01,102.18,0.31,-0.224802624,108.5,10.07319392,2.102643857,1.196902969,111.25,9727.324853,8730.552684,8971.171353,5208.572762,7010.207201,2.0,2104.0,643.0,1407.8,8.8,-33.33333333,48.25253664,71.37526652,11.10409597,49.15254237,32.59490814,49.60626646,101.65,69.58576557,73.53505724,,,0.1797373614689293,0.7431955324030118,2.309877828239548,4.711779921046349,4.686750172980514,3.4841560841488777,4.621535540074356,0.0249488353945608,-0.1436839358972342,0.4771296839832049,0.5650673733324432,0.267909565183916,-0.0610127405389717,-0.0036333324204251,0,0,0
2017-01-01,105.2,0.34,0.163571586,112.7586207,9.421631001,2.613776138,1.070254111,85.65217391,9698.865602,7145.88595,6142.394464,5832.205221,6423.051927,2.9,1383.2,162.6,1338.0,6.9,45.0,-34.25855513,-74.71228616,-4.958090638,-21.59090909,33.82834204,45.65124417,101.65,70.23070326,74.54452655,13.55516798,22.60759494,0.0678961071941489,0.9607959719020008,2.2430082159575515,4.450294605767351,4.725249433996568,3.521298973019385,4.621535540074356,-0.1661418195199472,0.0337732203175891,0.4409995321636772,0.0714782467687342,0.2407072357560657,-0.0101480010052643,-0.0036333324204251,0,0,0
2017-02-01,114.21,0.62,0.144793736,123.3333333,10.46015107,2.063492063,1.073065239,50.10989011,9470.416362,9118.114568,8223.65681,4738.248828,9148.87273,0.6,1297.4,617.4,1942.1,9.1,-79.31034483,-6.203007519,279.704797,45.14947683,31.88405797,34.81241898,51.15563298,101.65,70.09883078,77.94041741,13.84207133,16.05263158,0.0705192623594621,0.7243997238255881,2.347572901171106,3.914218395993775,4.814890716699891,3.549974190359839,4.621535540074356,0.0245821671805999,-0.1860364539427081,0.5585706281842528,-1.1367281241227118,1.1260112625859544,0.0334791021740086,-0.040959712533005,0,0,0
2017-03-01,96.64,0.57,0.075579511,93.33333333,10.24949728,2.253310949,1.0759372,69.51219512,6405.895692,7893.106028,8127.179181,5014.361267,4944.906125,0.9,1342.7,536.1,1560.5,8.2,50.0,3.491598582,-13.16812439,-19.64883374,-9.89010989,34.46561723,49.38546069,101.65,65.93761041,77.34271793,14.99617612,29.56521739,0.0731920957240623,0.812400667461682,2.327228658527972,4.241502206530318,4.536177314465426,3.5399622250703326,4.621535540074356,-0.2185359512230295,-0.0518536539825776,0.474741924751427,0.8610309555423474,0.0308274637595449,-0.0038831225655511,-0.0379334193211144,0,0,0
2017-04-01,119.46,0.99,0.00999862,109.4444444,11.25017578,2.103742234,1.345381526,66.90140845,9220.799299,8891.105234,8498.718829,4055.611526,4971.193598,1.8,1422.2,692.1,846.6,21.3,100.0,5.920905638,29.09904868,-45.74815764,159.7560976,34.76012698,50.83458722,101.65,67.43688045,74.04135598,15.21133196,17.03043801,0.2966776352827468,0.743717775012797,2.4203837534172505,4.203220019976845,4.695417063429778,3.548470953440001,4.621535540074356,0.0726716431775336,-0.0746706382461883,0.4599728224482773,-0.5576868894061837,0.1061623327636285,0.0079802223636273,-0.0030450394335588,0,0,0
2017-05-01,102.58,0.75,-0.14648219,120.625,12.38297151,2.116250512,1.271542035,30.30769231,7677.253081,7543.60224,8869.854145,3810.818704,4786.833524,1.6,2358.4,732.9,1334.6,19.5,-11.11111111,65.82759106,5.895101864,57.64233404,-8.450704225,34.67158096,48.34377373,101.65,64.86642013,72.23872227,16.31271523,24.57059293,0.2402303647122746,0.7496458964025681,2.5163222634954363,3.41140155191254,4.79268655965915,3.5459203588880204,4.621535540074356,-0.0931292835420443,-0.1473123697921107,0.5454541465369387,-0.5248650652226057,1.1038071055452137,0.0161194937416766,-0.023720369453021,0,0,0
2017-06-01,126.79,0.42,0.08618296,20.0,12.35359594,1.87094491,1.131232945,79.125,10000.0,7813.635152,8952.697706,5052.858144,6248.66168,0.1,1617.1,847.7,1209.3,8.0,-93.75,-31.432327,15.66380134,-9.388580848,-58.97435897,35.38291719,46.47903373,101.65,60.60971168,71.70786089,16.64740881,23.17043372,0.1233081396752572,0.6264436027109505,2.513947189923221,4.3710288804643405,2.995732273553991,3.5662291384134077,4.621535540074356,-0.2703029530549706,-0.3264504055849057,0.5129505316391239,0.6040912400759519,-0.1718502569266595,0.0495151396303032,-0.0228553590670168,0,0,0
2017-07-01,102.81,1.06,0.089771399,105.4166667,12.1293366,2.169934641,1.054692134,82.31884058,9536.940118,8383.613439,8620.190129,5396.889365,8029.594822,2.4,1674.7,535.5,1685.8,6.9,2300.0,3.561931853,-36.82906689,39.40296039,-13.75,35.35794926,43.42091153,101.65,62.9073599,75.38731558,16.31286248,19.72334294,0.0532489082276784,0.7746970477439327,2.4956270306112254,4.410600007121459,4.657920751689826,3.565523240046883,4.621535540074356,-0.4555131795115753,-0.1529917289159251,0.5206693757461385,-0.7403767715278686,-0.2399190482610853,0.0401072213360262,0.0,0,0,0
2017-08-01,138.53,1.82,0.392159323,112.3529412,12.56629947,2.058823529,1.011230245,31.25,9690.79795,7950.19812,6864.022729,5160.546451,5912.378698,1.7,1470.6,530.4,1967.9,20.8,-29.16666667,-12.18725742,-0.952380952,16.73389489,201.4492754,35.39825776,44.04180286,101.65,66.40945721,81.55521096,16.60840641,27.40043901,0.0111676539710718,0.7221347172331977,2.5310185854650467,3.4420193761824107,4.721645177193883,3.566662603109381,4.621535540074356,-0.1274421841171773,-0.1841594183535605,0.2866284453437338,-0.8819834183958726,-0.1348394372973365,0.0212254568899403,0.0,0,0,0
2017-09-01,115.53,1.61,0.552660607,100.0,12.47401456,1.71638699,1.205422183,28.28571429,9232.0,8510.871584,8885.298157,4956.449272,4976.703058,1.5,1991.5,965.4,1578.7,31.5,-11.76470588,35.42091663,82.01357466,-19.77742771,51.44230769,35.12240154,43.66196072,101.65,70.74093858,82.67827989,17.15103452,29.38451357,0.1868298649172177,0.5402214942882814,2.523647645331084,3.342356881790737,4.605170185988092,3.558839147408542,4.621535540074356,-0.1145865629968923,-0.3813324075755552,0.2466545002532201,-1.057369330000089,0.0326707822452689,0.0220544464465328,0.0,0,0,0
2017-10-01,91.46,0.67,0.794653935,101.8181818,12.86292528,2.402558224,1.296223057,122.9577465,9394.53125,9484.140224,9251.367467,6314.125446,9954.285954,2.2,1828.2,828.7,2022.8,7.1,46.66666667,-8.19984936,-14.15993371,28.13074048,-77.46031746,35.56430151,41.67254764,101.65,73.27645765,83.39008227,16.99951832,24.50054885,0.2594546950032481,0.8765340963241166,2.554349164170432,4.811840771964154,4.623188691312199,3.5713423681781906,4.621535540074356,-0.2261473464929166,0.0311651576822989,0.3781200984740986,-0.0667657592319539,0.4488014214165616,0.0332377534997836,0.0,0,0,0
2017-11-01,92.6,0.77,0.812736695,86.4,12.21645513,2.195280565,1.386753961,36.8202765,7686.899863,7310.709609,7650.568997,6986.220274,5529.89422,2.5,2466.1,1076.4,2107.8,21.7,13.63636364,34.89224374,29.89018945,4.202096104,205.6338028,34.79213227,34.94641203,101.65,78.95326292,83.45610946,16.71514564,24.31965443,0.3269657362678584,0.7863098584044068,2.502783824098539,3.606048685282439,4.45898767581001,3.5493912770241423,4.621535540074356,0.1254416300642673,0.0609060461748713,0.2039402200530737,-1.5812424278069424,-0.2917248157569236,0.0174157604336828,0.0,0,0,0
2017-12-01,82.72,0.9,0.684893603,120.0,12.89325695,2.79977182,1.382292942,68.65497076,9590.386285,6285.289446,6675.809632,5790.316263,8062.724737,1.6,1902.7,876.5,1225.5,17.1,-36.0,-22.8457889,-18.57116314,-41.85881013,-21.19815668,36.47972321,31.63234766,101.65,80.82823823,84.11395679,16.80090254,28.22075783,0.3237436724923567,1.0295379210032922,2.556704457649177,4.229093536876021,4.787491742782046,3.5967565777321706,4.621535540074356,0.1440063110234273,0.2863423886002804,0.2468266294096297,-0.4826863841703286,0.1007415698015314,0.1126004935832929,0.0,0,0,0
2018-01-01,92.43,0.72,0.588248197,114.3478261,13.34261838,2.321326108,1.750224388,98.06722689,9774.46544,6560.58917,8311.839716,4009.848515,5469.807011,2.3,2297.6,1568.5,779.9,11.9,43.75,20.75471698,78.95037079,-36.36066911,-30.40935673,36.13829407,36.05753349,101.65,87.41186077,88.56962578,16.99862917,31.94294526,0.5597440014300069,0.8421386206540112,2.5909633015868283,4.58565323216136,4.739244909356729,3.587353080674207,4.621535540074356,0.491847894235858,-0.1186573512479894,0.3479550856292768,0.1353586263940087,0.0139954753601605,0.0660541076548222,0.0,0,0,0
2018-02-01,64.49,0.38,0.062074635,118.6842105,13.37914493,2.57916796,1.778381643,47.97101449,9650.837508,7155.911158,8421.012451,4267.181866,5843.548343,3.8,2626.7,1288.4,662.4,13.8,65.2173913,14.32364206,-17.85782595,-15.06603411,15.96638655,36.1199634,33.56720238,101.65,82.11150235,88.60694031,17.3015052,25.46718576,0.5757037614148454,0.947466850796437,2.5936971460809897,3.870596963716448,4.776466272548609,3.586845715259235,4.621535540074356,0.5051844990553832,0.2230671269708488,0.2461242449098835,-0.0436214322773271,-0.0384244441512819,0.0368715248993956,0.0,0,0,0
2018-03-01,111.96,0.98,0.438306937,117.6923077,14.40986918,2.569763678,1.546064764,52.3857868,9550.600197,6412.832605,8494.229751,4485.47943,7853.926296,2.6,2079.2,1544.5,1355.7,19.7,-31.57894737,-20.84364412,19.87736728,104.6648551,42.75362319,35.51818036,34.78105187,101.65,82.81470943,84.47107155,17.61160553,20.90139556,0.4357128406202837,0.9438139405934892,2.667913331552456,3.958635310258805,4.768073656990304,3.570044688208136,4.621535540074356,0.3625207448962214,0.1314132731318071,0.3406846730244846,-0.2828668962715124,0.2318963425248785,0.0300824631378033,0.0,0,0,0
2018-04-01,123.26,0.92,0.519307529,127.3076923,13.02458395,2.407389402,1.485765854,118.6315789,9414.025064,7656.684454,7487.69773,4954.961108,7302.022078,2.6,2241.3,1028.5,1218.9,9.5,0.0,7.796267795,-33.40887018,-10.09072804,-51.77664975,35.58051266,36.11381323,101.65,88.39745162,86.44544399,16.59618008,22.63633712,0.3959303659127325,0.8785429246941082,2.5668386447108347,4.776022715033991,4.846606930289203,3.571798090790434,4.621535540074356,0.0992527306299857,0.1348251496813112,0.1464548912935841,0.5728026950571463,0.1511898668594256,0.0233271373504329,0.0,0,0,0
2018-05-01,125.67,1.32,0.381797117,122.5423729,13.3803768,2.433399602,1.451947637,111.7073171,9889.847321,8060.276406,8608.306068,4339.204312,7607.989084,5.9,2961.8,1760.5,1252.8,12.3,126.9230769,32.14652211,71.17160914,2.78119616,29.47368421,36.21228869,36.50087199,101.65,94.59639606,86.78852727,16.74409251,20.44466949,0.3729058530801542,0.8892892928140356,2.5937892157385343,4.715882210644097,4.808456871399235,3.58939852780057,4.621535540074356,0.1326754883678796,0.1396433964114675,0.0774669522430979,1.304480658731558,0.0157703117400851,0.0434781689125496,0.0,0,0,0
2018-06-01,103.97,0.95,0.435671962,119.5238095,12.5481245,2.766631468,1.452234522,63.04347826,9763.178362,5651.541023,7658.043756,5328.909423,7241.591572,4.2,3132.5,1420.5,1219.5,25.3,-28.81355932,5.763387129,-19.31269526,-2.658045977,105.6910569,35.4137301,34.97356688,101.65,93.66852843,86.97667992,17.48746387,20.16856756,0.3731034198891397,1.0176305036438735,2.5295712121791145,4.143824619471677,4.783515594203204,3.567099600875263,4.621535540074356,0.2497952802138824,0.3911869009329231,0.0156240222558929,-0.2272042609926634,1.7877833206492126,0.0008704624618558,0.0,0,0,0
2018-07-01,110.03,0.67,0.446538983,79.0,15.14707078,2.804123711,1.472982501,109.4478528,8568.338407,5771.886982,7988.230051,5304.964926,8515.057864,2.0,3688.7,1600.5,1560.1,16.3,-52.38095238,17.75578611,12.67159451,27.92947929,-35.57312253,36.34674835,34.39597946,101.65,93.02886321,79.7722629,17.52769501,18.74429101,0.3872892575728601,1.0310910876712909,2.7178071654064864,4.695448205685983,4.3694478524670215,3.593104746058068,4.621535540074356,0.3340403493451817,0.2563940399273582,0.222180134795261,0.2848481985645241,-0.2884728992228043,0.0275815060111845,0.0,0,0,0
2018-08-01,112.74,0.69,0.534280855,90.17857143,14.3506169,2.894194162,1.600649041,164.1121495,9495.108323,5377.687192,6909.850629,4962.666175,9300.108706,5.6,2601.7,1260.8,1047.7,10.7,180.0,-29.46837639,-21.22461731,-32.84404846,-34.35582822,36.62715447,35.63849813,101.65,91.98612527,78.11847134,17.12018827,20.55700447,0.4704091976167643,1.062706717181997,2.6637929308286443,5.1005500325278845,4.501791831550098,3.600789890726556,4.621535540074356,0.4592415436456924,0.3405719999487994,0.1327743453635976,1.6585306563454738,-0.2198533456437852,0.0341272876171743,0.0,0,0,0
2018-09-01,75.05,0.39,0.468608402,120.3333333,13.576241,2.852148658,1.258562794,85.1,9726.82837,6368.906208,8106.367908,7444.289035,8056.672112,3.0,2582.6,1859.3,1489.0,20.0,-46.42857143,-0.734135373,47.46986041,42.12083612,86.91588785,37.20185949,35.21098644,101.65,98.72449948,77.44491643,17.41382324,25.52894212,0.2299704302563008,1.0480726253170567,2.6083212796895063,4.443827035579329,4.790265669387763,3.6163587463201514,4.621535540074356,0.0431405653390831,0.5078511310287753,0.0846736343584226,1.1014701537885916,0.1850954833996709,0.0575195989116084,0.0,0,0,0
2018-10-01,92.02,0.42,0.534270572,98.07692308,13.96851409,2.869449111,1.403680501,55.94155844,9767.474048,5218.905374,8003.594861,6785.138371,6626.280135,2.6,3722.3,2321.7,1021.6,30.8,-13.33333333,44.12994657,24.86957457,-31.39019476,54.0,37.23648858,38.46043221,101.65,100.2221693,79.35498639,18.25575924,17.67575323,0.3390977163168288,1.0541200639605128,2.6368058032595982,4.024307546520543,4.585752100162362,3.61728915634122,4.621535540074356,0.0796430213135807,0.1775859676363962,0.0824566390891661,-0.7875332254436112,-0.0374365911498362,0.0459467881630293,0.0,0,0,0
2018-11-01,80.41,0.35,0.457117757,127.2972973,13.55997057,2.872903795,1.307439458,47.99086758,9707.177663,5105.048183,8051.927674,6512.868817,8187.689491,3.7,3397.5,2266.0,1490.7,21.9,42.30769231,-8.725787819,-2.399104105,45.91816758,-28.8961039,37.53840256,35.43625072,101.65,84.43680709,77.50087474,17.98164343,33.00876011,0.2680706122520074,1.0553232935332502,2.607122112155912,3.871010734056399,4.846525274387471,3.6253644772428353,4.621535540074356,-0.058895124015851,0.2690134351288433,0.1043382880573728,0.2649620487739597,0.3875375985774605,0.075973200218693,0.0,0,0,0
2018-12-01,90.61,0.37,0.466330666,124.25,15.36938309,2.918273371,1.3977788,89.08396947,9800.816974,5412.161033,7932.952366,5509.893728,4688.788881,4.0,1838.2,2671.1,1521.7,13.1,8.108108108,-45.89551141,17.87731686,2.079559938,-40.1826484,38.26442589,35.60382125,101.65,74.89874648,76.07170463,18.73902076,23.42846198,0.3348844052553625,1.070992130085345,2.732377419464566,4.489579402128293,4.822295664976738,3.644520636621302,4.621535540074356,0.0111407327630058,0.0414542090820531,0.1756729618153887,0.2604858652522726,0.0348039221946923,0.0477640588891312,0.0,0,0,0
2019-01-01,87.42,0.46,0.515422588,127.7142857,14.24354671,2.857199793,1.199593623,42.20779221,9955.357366,6316.687076,8637.075624,6665.411835,6268.118343,3.5,6047.3,2509.1,1279.6,15.4,-12.5,228.9794364,-6.064917075,-15.90983768,17.55725191,39.1657965,35.7862476,101.65,76.20477087,75.77415349,18.49953346,19.49928469,0.181982851939941,1.0498420518501266,2.656303941685348,3.742604853522407,4.849795626006344,3.667803827648026,4.621535540074356,-0.3777611494900659,0.2077034311961153,0.0653406400985199,-0.8430483786389531,0.1105507166496151,0.0804507469738187,0.0,0,0,0
2019-02-01,96.8,0.51,0.145186823,131.8181818,13.83863081,2.856299123,1.120278458,110.0,9594.768133,6956.948564,8928.383733,7492.587673,8852.648907,2.2,3353.8,2201.1,775.7,7.7,-37.14285714,-44.54053875,-12.27531784,-39.37949359,-50.0,40.47833935,35.27269457,101.65,80.08603919,80.1171982,18.86749024,35.14111365,0.1135772776196593,1.0495267739369942,2.627464015382342,4.700480365792417,4.881423562478319,3.7007670001752535,4.621535540074356,-0.4621264837951859,0.1020599231405572,0.0337668693013522,0.8298834020759691,0.1049572899297102,0.1139212849160187,0.0,0,0,0
2019-03-01,82.33,0.55,0.216385117,111.6129032,12.1704801,2.848975147,1.166595446,60.5027933,9828.093154,4800.359544,7670.886883,7126.821747,5835.940144,3.1,4090.8,2571.1,1638.1,17.9,40.90909091,21.97507305,16.80977693,111.1770014,132.4675325,38.79498897,37.98459245,101.65,82.22320089,81.09669812,18.7093779,21.90661827,0.1540896316781437,1.046959332065999,2.499013355687226,4.102689534218917,4.71503666333541,3.658291088030883,4.621535540074356,-0.28162320894214,0.1031453914725094,-0.1688999758652301,0.1440542239601114,-0.053036993654894,0.0882463998227471,0.0,0,0,0
2019-04-01,79.25,0.41,0.017048582,126.5277778,12.42579051,2.986290112,1.340183158,33.47540984,9912.569992,5929.790516,8034.363276,5674.958333,5369.195954,7.2,2994.9,2676.9,895.4,30.5,132.2580645,-26.78938105,4.114970246,-45.33911239,70.39106145,39.04786944,37.67795462,101.65,86.42673202,81.59938826,18.84794938,18.82643557,0.2928062896968932,1.0940318517987295,2.519774192494076,3.5108111346688315,4.84046187141358,3.664788315002121,4.621535540074356,-0.1031240762158393,0.2154889271046213,-0.0470644522167584,-1.2652115803651598,-0.0061450588756235,0.0929902242116864,0.0,0,0,0
2019-05-01,106.47,0.55,-0.6235627,64.3902439,12.47827612,2.795548469,1.344068354,33.33333333,8472.222222,6231.947545,8617.841994,7015.414515,5770.999405,4.1,2566.3,3073.1,912.9,24.6,-43.05555556,-14.31099536,14.8007023,1.954433773,-19.3442623,38.47362281,34.41351555,101.65,85.17577272,78.6491888,18.94674756,19.18199513,0.2957010994386538,1.0280283195564004,2.5239892219900035,3.506557897219982,4.164962129398175,3.649972884672352,4.621535540074356,-0.0772047536415003,0.1387390267423648,-0.0697999937485307,-1.2093243134241156,-0.6434947420010602,0.0605743568717818,0.0,0,0,0
2019-06-01,106.59,0.42,-0.474633706,124.5454545,11.93200105,2.949812734,1.363055697,81.8018018,10000.0,6476.214792,7246.892891,6674.012661,6618.991248,4.4,3417.7,2002.5,782.8,11.1,7.317073171,33.17616802,-34.83778595,-14.25128711,-54.87804878,39.08031517,35.39968125,101.65,76.33927157,78.52608899,18.91713553,20.79082227,0.309729015415821,1.081741688336788,2.4792239546511574,4.404299270260979,4.824670745658836,3.665618891881059,4.621535540074356,-0.0633744044733187,0.0641111846929145,-0.0503472575279571,0.2604746507893019,0.0411551514556327,0.0985192910057959,0.0,0,0,0
2019-07-01,93.52,0.36,-0.451396183,124.7727273,12.23559987,3.025467082,1.266546565,26.08219178,9963.636484,5417.5529,7768.821551,5561.055254,5300.451063,4.4,1885.4,1798.4,1276.7,36.5,0.0,-44.83424525,-10.19225968,63.09402146,228.8288288,38.44030599,36.71042564,101.65,77.03842163,81.03118419,18.86428305,20.15604161,0.2362939564635414,1.1070654868359562,2.5043497247078728,3.261252774171407,4.826493900803895,3.64910654426812,4.621535540074356,-0.1509953011093187,0.0759743991646653,-0.2134574406986136,-1.434195431514576,0.4570460483368732,0.0560017982100524,0.0,0,0,0
2019-08-01,103.4,0.48,-0.291038374,46.84210526,11.93731009,2.900370613,1.246504195,77.6056338,9925.374181,7221.093579,8141.192644,5494.034044,8530.439623,5.7,3126.5,2293.5,1001.2,14.2,29.54545455,65.82688024,27.53002669,-21.57907104,-61.09589041,36.56745509,34.94238115,101.65,71.59163374,76.04850307,18.53392815,24.92794235,0.2203429893989974,1.0648385264132194,2.4796687969892046,4.351640025069347,3.8467824834923294,3.5991586396386106,4.621535540074356,-0.2500662082177669,0.0021318092312223,-0.1841241338394397,-0.7489100074585373,-0.6550093480577686,-0.0016312510879452,0.0,0,0,0
2019-09-01,90.37,0.33,0.129220258,122.0,11.59213401,2.787673905,1.192122846,44.51476793,9963.636484,7462.560752,8301.693008,7187.497885,5830.677658,4.5,2746.0,2307.3,853.1,23.7,-21.05263158,-12.17015832,0.601700458,-14.7922493,66.90140845,36.65025151,33.24487228,101.65,75.564742,77.32280801,18.31776897,31.48972603,0.1757356220578046,1.0252075222841677,2.4503267655105647,3.795820997713157,4.804021044733257,3.6014202907920603,4.621535540074356,-0.0542348081984961,-0.022865103032889,-0.1579945141789416,-0.6480060378661716,0.0137553753454939,-0.0149384555280902,0.0,0,0,0
2019-10-01,97.84,0.24,0.086800323,122.7777778,11.90775087,2.86870229,1.229535865,42.3030303,9909.911754,7028.004698,7521.182257,5078.057836,3512.491687,3.6,2469.4,1965.0,1185.0,16.5,-20.0,-10.07283321,-14.83552204,38.90516938,-30.37974684,37.60226129,34.19631865,100.52,72.6736732,76.45733091,18.33207873,24.87371375,0.2066367526431317,1.0538597637516034,2.4771895217052524,3.744858721784204,4.8103760367966295,3.62706418927896,4.610356712675391,-0.1324609636736971,-0.0002603002089094,-0.1596162815543458,-0.2794488247363387,0.2246239366342672,0.0097750329377395,-0.0111788273989645,0,0,0
2019-11-01,73.08,0.17,0.147714162,84.85185185,11.92240066,3.277286976,1.218584001,67.6,6487.603306,5784.631264,7720.567108,6480.634482,7911.400161,0.0,3412.4,1403.6,1261.3,10.0,-100.0,38.18741395,-28.56997455,6.438818565,-39.39393939,37.9364723,34.04927924,99.1,76.61764608,76.21530553,18.17896199,26.74690007,0.1976895297455785,1.1870159386623873,2.478419039010426,4.213607983048918,4.440906816427342,3.635912979161197,4.596129441335942,-0.0703810825064289,0.1316926451291371,-0.1287030731454859,0.3425972489925195,-0.4056184579601289,0.0105485019183619,-0.0254060987384132,0,0,0
2019-12-01,74.28,0.27,0.03936869,46.92592593,11.68997527,2.753144221,1.193376802,100.4081633,6143.667297,6461.307268,7359.568895,6474.914995,6616.762509,0.0,2466.9,1089.3,1165.6,9.8,,-27.70777166,-22.39241949,-7.587409815,-2.0,35.87936848,31.73530081,99.81,79.07866333,77.46999671,18.50213932,23.82484551,0.1767869373380624,1.0127436116390354,2.45873165999842,4.609243511721256,3.848570314403629,3.580162436143836,4.603268378698495,-0.1580974679173,-0.0582485184463099,-0.2736457594661456,0.1196641095929624,-0.9737253505731088,-0.0643582004774661,-0.0182671613758609,0,0,0
2020-01-01,138.42,0.39,0.05535923,9.0,11.50457415,3.110950769,1.140452959,43.0,10000.0,6674.177784,7870.356928,7945.66613,5007.619254,5.0,2962.3,1801.7,1117.1,25.0,inf,20.08188415,65.39979804,-4.160947152,155.1020408,38.44799167,32.84378687,98.83,76.05782806,77.70223175,18.63422759,25.80451821,0.1314255159469073,1.1349283929751144,2.442744708460691,3.7612001156935615,2.19722457733622,3.649306462337827,4.593401202388092,-0.0505573359930337,0.0850863411249878,-0.2135592332246574,0.0185952621711553,-2.6525710486701244,-0.0184973653101989,-0.0281343376862635,0,0,0
2020-02-01,75.96,0.2,1.302174383,110.0,11.56690894,2.882695253,1.270231898,83.13559322,10000.0,8123.192065,7614.841503,5678.736499,6901.474603,2.0,1871.2,1632.5,1056.5,11.8,-60.0,-36.83286635,-9.391130599,-5.424760541,-52.8,37.61780354,32.59538905,101.33,66.30874083,73.01586885,19.32542187,25.5164734,0.2391994806521178,1.05872570824775,2.4481483438866687,4.420472928089667,4.700480365792417,3.627477436735109,4.618382517460226,0.1256222030324584,0.0091989343107559,-0.1793156714956731,-0.2800074377027499,-0.1809431966859023,-0.0732895634401451,-0.0031530226141294,0,0,0
2020-03-01,81.54,0.27,2.671691915,35.58823529,10.389157,2.93419583,1.205419081,29.26229508,10000.0,6469.014463,7488.22838,5506.051031,4713.580421,6.8,1947.8,2148.8,1225.3,36.6,240.0,4.093629756,31.62633997,15.97728348,210.1694915,37.31483037,32.81244772,103.56,42.64724776,68.70687148,18.18982646,21.14570361,0.1868272915416526,1.0764334225513792,2.3407626661120458,3.376299829973201,3.572015113858923,3.6193908446799457,4.640151154883337,0.0327376598635089,0.0294740904853805,-0.1582506895751803,-0.7263897042457157,-1.143021549476487,-0.0389002433509375,0.0186156148089811,0,0,0
2020-04-01,69.34,0.12,3.385323363,117.0967742,10.71314231,2.822745902,1.283769849,115.2631579,10000.0,7753.127047,7936.376875,5245.818616,8357.956204,3.1,2498.8,2928.0,969.8,15.2,-54.41176471,28.28832529,36.26209978,-20.85203624,-58.46994536,37.85475495,32.6682504,104.0,31.63231012,65.55173456,18.10780962,16.43368421,0.2498009438743031,1.03771013530169,2.3714712410529213,4.747217843689768,4.763000722828847,3.633756598149032,4.6443908991413725,-0.0430053458225901,-0.0563217164970395,-0.1483029514411549,1.2364067090209363,-0.0774611485847334,-0.0310317168530889,0.0228553590670168,0,0,0
2020-05-01,68.51,0.19,2.576994746,45.0,10.58851448,2.806376361,1.372100621,47.84660767,10000.0,6628.181525,8306.937699,4948.765432,7180.111324,0.2,1264.2,2572.0,918.3,33.9,-93.5483871,-49.4077157,-12.15846995,-5.310373273,123.0263158,36.63470962,31.71314825,104.29,39.2468758,68.0063561,17.77022246,15.56400989,0.316342865535809,1.0318940999133868,2.359769874041932,3.868000220296969,3.80666248977032,3.600996141280528,4.6471754801331215,0.0206417660971551,0.0038657803569863,-0.1642193479480713,0.3614423230769867,-0.3582996396278552,-0.0489767433918242,0.0256399400587659,0,0,0
2020-06-01,71.23,0.27,2.267958795,82.14285714,10.90011769,2.92596401,1.482745047,77.1031746,5000.0,8827.58221,7888.580467,4246.910486,7886.449344,0.0,2634.1,1945.0,762.1,25.2,-100.0,108.3610188,-24.37791602,-17.00969182,-25.66371681,36.41629402,31.29185505,102.71,48.5231595,73.67846261,18.6158139,22.78058288,0.3938951313163499,1.0736240024539334,2.3887735864245148,4.345144454818889,4.408459891707254,3.595016312394822,4.631909483177713,0.0841661159005289,-0.0081176858828546,-0.0904503682266426,-0.0591548154420902,-0.4162108539515818,-0.0706025794862372,0.0103739431033575,0,0,0
2020-07-01,66.47,0.27,2.964321584,119.2857143,9.714927436,2.663887836,1.083228775,70.04672897,9880.95665,8226.151698,8038.604753,6026.892861,5937.625306,1.4,1736.4,1847.3,956.4,21.4,inf,-34.07995141,-5.023136247,25.49534182,-15.07936508,36.63724725,30.1281247,101.77,51.64974549,79.08970396,18.23487863,18.52170129,0.0799461876310116,0.9797866481881574,2.2736636135271904,4.249162576046773,4.781521575915303,3.601065407343819,4.62271536520384,-0.1563477688325297,-0.1272788386477987,-0.2306861111806823,0.9879098018753664,-0.044972324888592,-0.0480411369243012,0.0011798251294843,0,0,0
2020-08-01,65.47,0.17,1.475684642,82.82051282,8.759512938,2.473020931,1.351437192,95.58282209,9398.249768,7617.598215,8662.131498,5098.515467,8436.007125,3.9,1971.0,2761.4,629.7,16.3,178.5714286,13.51071182,49.48302929,-34.15934755,-23.8317757,35.85962138,30.06811495,100.74,54.30174528,83.48060218,18.98562221,24.98230122,0.3011686128464796,0.9054404523126,2.170140302717593,4.559993118660981,4.416675770080864,3.579611909839039,4.612542940317504,0.0808256234474822,-0.1593980741006193,-0.3095284942716114,0.2083530935916338,0.5698932865885342,-0.0195467297995715,-0.0089925997568514,0,0,0
2020-09-01,80.38,0.2,0.621906415,45.26315789,10.28099624,2.562615274,1.226687176,68.31683168,7515.548945,8651.444329,8960.99479,4444.974008,5792.830638,3.8,4039.2,3741.1,1040.2,30.3,-2.564102564,104.9315068,35.47838053,65.18977291,85.88957055,34.25341767,26.36843415,100.06,51.16881772,85.11530462,18.52409457,23.64112095,0.2043171829381768,0.9410283284283428,2.330297165837336,4.224156173697715,3.812493409976462,3.5337863457153453,4.605770006060059,0.0285815608803722,-0.0841791938558249,-0.1200295996732285,0.4283351759845577,-0.9915276347567948,-0.0676339450767149,-0.0157655340142968,0,0,0
2020-10-01,76.08,0.13,0.107537099,7.710280374,9.483043726,2.346718361,1.193624004,77.68421053,7948.943985,9772.310175,8680.721254,5304.397515,8656.480196,21.4,3688.9,3611.0,1066.5,19.0,463.1578947,-8.672509408,-3.477586806,2.528359931,-37.29372937,33.66090673,27.98087926,97.16,51.62079341,85.49279171,19.58213962,23.35419237,0.1769940608549564,0.8530179100944375,2.2495053328790435,4.352652026041403,2.042554551894593,3.5163371263083376,4.576359104133972,-0.0296426917881753,-0.2008418536571659,-0.2276841888262089,0.6077933042571986,-2.7678214849020364,-0.1107270629706218,-0.0339976085414193,0,0,0
2020-11-01,70.07,0.14,0.777148944,108.75,8.505576027,2.391051107,1.321533283,81.34529148,9548.817545,9022.754815,8427.378891,4822.485347,6786.302542,1.6,4097.9,3347.9,920.9,22.3,-92.52336449,11.087316,-7.286070341,-13.65213315,17.36842105,32.73507956,29.49765547,92.77,55.30181595,90.27961371,21.51033107,21.81119051,0.2787926405187925,0.8717330629863543,2.1407219515967126,4.398702952211214,4.689051669968793,3.4884472723162507,4.5301233116651805,0.081103110773214,-0.3152828756760329,-0.3376970874137135,0.1850949691622956,0.2481448535414516,-0.1474657068449465,-0.0660061296707619,0,0,0
2020-12-01,64.07,0.19,1.71928401,111.2903226,9.230585424,2.550265532,1.190587794,47.10106383,9827.599244,7852.070923,8745.057894,6468.299337,5881.739845,3.1,2511.0,4312.1,1066.7,37.6,93.75,-38.72471266,28.80014337,15.83233793,68.60986547,33.55012341,29.30035036,92.77,63.74668437,99.65051285,19.42007663,29.21999569,0.1744471297108061,0.9361974839452408,2.222522472722255,3.852295587391502,4.712142305714172,3.5130405418013875,4.5301233116651805,-0.0023398076272563,-0.0765461276937946,-0.2362091872761653,-0.7569479243297539,0.8635719913105429,-0.0671218943424483,-0.0731450670333142,0,0,0
2021-01-01,77.42,0.28,1.372574896,108.5714286,7.27845774,2.316191241,1.387989402,47.0979021,9613.054017,8319.506099,9153.648466,4405.818843,7757.308303,1.4,1903.7,3484.6,679.4,28.6,-54.83870968,-24.18558343,-19.19018576,-36.30824037,-23.93617021,33.18263198,29.22633566,92.77,69.88256612,102.8393017,19.60954243,31.65009684,0.3278562266087768,0.8399241301359143,1.984918990864348,3.8522284586291007,4.687408284488221,3.502026605908035,4.5301233116651805,0.1964307106618694,-0.2950042628392001,-0.4578257175963431,0.0910283429355383,2.490183707152001,-0.1472798564297917,-0.0632778907229116,0,0,0
2021-02-01,73.96,0.18,2.003908863,90.625,9.950559937,2.391405542,1.329557713,118.4856397,10000.0,9529.058553,8769.722272,4519.788191,8701.987875,1.6,4348.7,4081.7,741.6,38.3,14.28571429,128.434102,17.13539574,9.155136885,33.91608392,33.59061547,28.63794442,93.57,80.38194347,106.3923564,19.65353749,27.11460937,0.2848463403112334,0.8718812859715949,2.297628824662496,4.774791769265571,4.506730113174839,3.5142467264691386,4.5387098192878215,0.0456468596591156,-0.1868444222761552,-0.150519519224173,0.3543188411759042,-0.193750252617578,-0.1132307102659697,-0.0796726981724047,0,0,0
2021-03-01,78.62,0.33,2.332125091,110.0,7.340425532,2.297829379,1.224806202,31.65919283,9966.99679,7257.286557,8124.442104,5740.818579,3946.45451,5.5,2791.8,2971.5,1225.5,44.6,243.75,-35.8015039,-27.19945121,65.25080906,16.44908616,31.57063755,28.11688876,93.57,80.76523673,110.2213889,19.75430759,29.17824135,0.2027826290323832,0.8319649290634595,1.9933968153328956,3.45502855918156,4.700480365792417,3.4522274971711826,4.5387098192878215,0.0159553374907305,-0.2444684934879196,-0.3473658507791504,0.0787287292083585,1.1284652519334937,-0.167163347508763,-0.1014413355955152,0,0,0
2021-04-01,88.17,0.19,2.821056278,104.1176471,8.905438355,2.480561615,1.777118365,38.41105354,10000.0,7844.244315,7843.151162,4618.533982,5108.06328,1.7,3773.2,3575.4,909.9,57.9,-69.09090909,35.15294792,20.32306916,-25.75275398,29.8206278,31.4055626,28.4932747,93.57,80.80171767,115.3230533,19.92158499,22.68299059,0.5749931564083393,0.9084849922005156,2.186662141245969,3.648345270776236,4.645521481907139,3.4469850300907336,4.5387098192878215,0.3251922125340362,-0.1292251431011745,-0.184809099806952,-1.0988725729135322,-0.1174792409217078,-0.1867715680582979,-0.105681079853551,0,0,0
2021-05-01,93.01,0.26,3.102743026,109.0,9.300543891,2.321058505,2.311199207,69.62025316,9637.656763,7020.336939,8366.390306,4180.87964,7074.743802,2.0,3419.8,3136.5,504.5,15.8,17.64705882,-9.366055338,-12.27554959,-44.55434663,-72.71157168,31.24339353,28.13445425,94.7,86.28486081,125.7933132,19.82759405,26.87058775,0.8377665270580262,0.8420233337820243,2.2300728813523776,4.243055518688086,4.691347882229144,3.441807946792792,4.550714000192032,0.5214236615222172,-0.1898707661313624,-0.1296969926895546,0.3750552983911177,0.8846853924588238,-0.1591881944877355,-0.0964614799410892,0,0,0
2021-06-01,74.13,0.2,2.830399838,10.77097506,9.924582185,2.242984694,1.426557293,61.43497758,8599.091413,7844.948308,9096.731025,5913.87902,6933.187703,44.1,4972.3,3136.0,780.2,22.3,2105.0,45.39739166,-0.015941336,54.6481665,41.13924051,31.43865038,28.34196331,94.7,93.91895278,124.2731901,19.63665632,23.65998515,0.3552640542017307,0.8078074316182213,2.2950147284579216,4.117979340380916,2.376855021889209,3.4480380397948385,4.550714000192032,-0.0386310771146192,-0.2658165708357121,-0.0937588579665931,-0.2271651144379731,-2.031604869818045,-0.1469782725999833,-0.0811954829856809,0,0,0
2021-07-01,58.42,0.18,3.007344582,20.47619048,9.888573969,2.522706143,1.435603687,43.83435583,6690.102758,7393.528335,7858.270017,4750.180347,5868.133892,2.1,3598.8,2796.6,1117.3,32.6,-95.23809524,-27.6230316,-10.82270408,43.20687003,46.18834081,31.28666064,28.82312181,94.7,98.28941653,124.5206014,19.33638629,23.52752437,0.3615854485521576,0.9253321916112486,2.2913799460573703,3.780417889597793,3.019262771150232,3.443191829070826,4.550714000192032,0.2816392609211459,-0.0544544565769088,0.0177163325301799,-0.4687446864489799,-1.7622588047650711,-0.1578735782729929,-0.0720013650118076,0,0,0
2021-08-01,89.49,0.19,3.388255872,117.4418605,8.781120519,2.39262595,1.472047635,48.61111111,9842.838937,4863.310492,8138.474018,6677.232112,6116.911287,4.3,2775.5,3553.0,906.9,25.2,104.7619048,-22.87707013,27.04712866,-18.83111071,-22.6993865,30.7740139,28.11493741,94.7,96.32359893,119.0440832,19.21137798,22.84154199,0.3866543805167829,0.8723914866375033,2.1726040212580484,3.8838521284385927,4.765943406872873,3.426670629315074,4.550714000192032,0.0854857676703032,-0.0330489656750967,0.0024637185404552,-0.6761409902223883,0.3492676367920095,-0.1529412805239651,-0.0618289401254719,0,0,0
2021-09-01,80.7,0.27,3.458847765,120.7447398,9.190162959,2.562503821,1.399953682,56.1352657,5702.479339,6556.401329,8454.859436,8613.021583,4811.708106,0.0,3025.3,3271.8,863.6,20.7,-100.0,9.000180148,-7.914438503,-4.774506561,-17.85714286,31.70090679,30.17342711,94.7,107.1785864,116.8129907,19.37486463,21.2557542,0.3364391517882016,0.940984835585366,2.2181336684193047,4.027764237131927,4.793678728850879,3.456345285836885,4.550714000192032,0.1321219688500247,-4.349284297666678e-05,-0.1121634974180314,-0.1963919365657878,0.9811853188744172,-0.0774410598784598,-0.0550560058680265,0,0,0
2021-10-01,79.03,0.2,4.008939252,124.047619,9.122818542,2.695590085,1.288512548,39.5862069,9885.352618,6559.878188,7208.615875,8200.190701,5000.409742,4.2,4566.9,2941.1,980.2,29.0,inf,50.95692989,-10.10758604,13.50162112,40.09661836,33.27217995,30.13659526,94.7,123.3698921,121.3809636,18.97004581,23.80251276,0.2534884895184326,0.9916171358668076,2.2107788069978174,3.6784807469801457,4.820665516080167,3.504721610877536,4.550714000192032,0.0764944286634762,0.1385992257723701,-0.0387265258812261,-0.6741712790612571,2.778110964185574,-0.0116155154308019,-0.0256451039419394,0,0,0
2021-11-01,86.57,0.17,4.413291376,139.6279762,10.16140866,2.278765583,1.27752403,30.48780488,5937.5,4096.04397,9488.332987,7795.081603,5081.425052,0.0,2317.1,2935.8,1466.9,69.7,-100.0,-49.26317633,-0.180204685,49.65313201,140.3448276,33.17312255,30.81138023,95.93,115.0087034,114.0171705,18.30588394,21.63639002,0.2449238530949385,0.8236338853855988,2.318597080177436,3.417326763656039,4.938981572829154,3.501739986303377,4.563618758829857,-0.0338687874238539,-0.0480991776007555,0.1778751285807231,-0.981376188555175,0.2499299028603605,0.0132927139871261,0.0334954471646762,0,0,0
2021-12-01,105.35,0.16,4.489802624,155.2083333,10.62974968,2.842948592,1.220396123,36.25407166,9973.190397,6046.772587,6499.209656,9056.891197,4992.302843,4.8,3671.3,2546.3,1186.5,61.4,inf,58.44374434,-13.26725254,-19.11514077,-11.90817791,33.11339048,30.56978292,95.98,112.3729584,116.715183,18.57937393,27.58571358,0.1991754970280616,1.044841750197954,2.363656643628798,3.590551696648252,5.044768300250949,3.499937746799821,4.564139836430099,0.0247283673172555,0.1086442662527134,0.1411341709065432,-0.2617438907432503,0.3326259945367766,-0.0131027950015663,0.0340165247649189,0,0,0
2022-01-01,138.67,0.33,3.777327634,176.6950758,11.65456377,2.679606845,1.407557697,54.93917275,5555.555556,7706.702771,8612.465563,8637.05868,4805.772763,0.0,5756.2,2828.4,1182.9,41.1,-100.0,56.78914826,11.07882025,-0.303413401,-33.06188925,33.9323284,31.94266659,96.53,121.3098856,125.2296413,19.1024873,23.59920939,0.3418560727315017,0.9856700841344568,2.4556978432158254,4.00622662321849,5.174425511365187,3.5243682000785443,4.569853840860524,0.0139998461227249,0.1457459539985426,0.4707788523514777,0.1539981645893893,0.4870172268769659,0.0223415941705091,0.0397305291953431,0,0,0
2022-02-01,216.16,0.32,2.850038672,198.1818182,10.90980931,2.824118569,1.438862041,57.68328446,9954.23365,5616.335641,8779.206432,8115.95914,6335.462947,4.4,2910.5,1976.9,1096.7,34.1,inf,-49.43712866,-30.10535992,-7.287175585,-17.03163017,33.49940552,31.67910183,96.53,133.3142406,131.1765014,19.07486893,27.08599926,0.3638525518707716,1.0381963049394018,2.389662321232101,4.054967434143309,5.289184883076508,3.5115276930019226,4.569853840860524,0.0790062115595381,0.1663150189678069,0.0920334965696052,-0.7198243351222615,0.7824547699016691,-0.002719033467216,0.0311440215727021,0,0,0
2022-03-01,318.95,0.72,2.905399014,298.5365854,39.45900271,3.334041574,1.629396561,59.26829268,9983.67348,7464.859002,7583.44491,7667.13912,5036.551565,4.1,4793.0,2823.9,889.9,12.3,-6.818181818,64.67960831,42.84485811,-18.85656971,-63.92961877,33.58092745,31.87573271,96.53,166.732393,141.2833394,19.0935171,19.32539225,0.4882097382993208,1.204185253956915,3.675262226833631,4.082074469580904,5.698892489476388,3.513958270386517,4.569853840860524,0.2854271092669376,0.3722203248934553,1.6818654115007352,0.6270459103993438,0.9984121236839716,0.0617307732153342,0.0311440215727021,0,0,0
2022-04-01,191.14,0.3,3.601778255,491.2307692,29.91456851,3.615164736,1.603525388,100.6410256,9974.970695,5007.439329,7159.416877,7950.753755,5214.471626,6.5,2657.1,2658.8,760.2,23.4,58.53658537,-44.56290424,-5.84652431,-14.57467131,90.24390244,35.03038238,32.94955197,96.53,153.1865916,138.0941428,19.39788152,20.14161561,0.4722045728913405,1.2851374246969227,3.398345602870345,4.611559983679219,6.196914015750553,3.5562157529362874,4.569853840860524,-0.1027885835169987,0.3766524324964072,1.211683461624376,0.9632147129029832,1.5513925338434147,0.1092307228455538,0.0311440215727021,0,0,0
2022-05-01,142.26,0.42,2.806096393,542.2916667,34.26301668,3.431242042,1.61025304,62.92397661,9992.31951,6396.394087,8579.850753,8925.040492,4646.788325,4.8,4770.8,3455.6,912.9,17.1,-26.15384615,79.54913251,29.9684068,20.08681926,-26.92307692,32.90912748,32.66878933,96.53,163.6329977,122.4555174,18.434909,26.14859833,0.4763913343486856,1.2329223070016118,3.534066541558981,4.141927277241926,6.295803987142188,3.493750050297501,4.569853840860524,-0.3613751927093406,0.3908989732195874,1.3039936602066031,-0.10112824144616,1.6044561049130444,0.0519421035047091,0.0191398406684912,0,0,0
2022-06-01,130.71,0.29,2.470428217,28.75,30.11379503,3.52293283,1.428465199,51.80995475,6597.353497,5121.672889,8436.979024,8215.986436,4627.699701,0.8,4297.2,2487.7,1344.8,22.1,-83.33333333,-9.927056259,-28.00960759,47.31076788,29.23976608,32.63347592,31.63215953,96.53,173.4822111,115.7047526,18.37635331,22.87937036,0.3566005804738384,1.259293833040524,3.4049833734089354,3.947582307442799,3.3586377672433594,3.485338630215296,4.569853840860524,0.0013365262721076,0.4514864014223028,1.1099686449510138,-0.1703970329381166,0.98178274535415,0.037300590420457,0.0191398406684912,0,0,0
2022-07-01,117.18,0.2,1.87014398,526.7708333,34.470884,3.20043822,1.470863462,51.65432099,9956.571807,6464.024545,9591.712129,8768.712947,4907.139645,9.6,3420.8,2099.4,1175.5,40.5,1100.0,-20.3946756,-15.60879527,-12.5892326,83.25791855,35.21345497,33.47962781,96.53,171.7525065,100.1540123,17.77691438,16.66221768,0.3858496174608297,1.1632877441797416,3.540115025688765,3.944573851117731,6.266765602542914,3.561428253033538,4.569853840860524,0.0242641689086721,0.237955552568493,1.2487350796313947,0.1641559615199379,3.247502831392682,0.118236423962712,0.0191398406684912,0,0,0
2022-08-01,132.86,0.31,1.54914975,280.3854167,47.23998569,3.314554228,1.489935147,40.06006006,10000.0,5928.280548,9810.600438,7939.668833,4660.949136,0.0,4750.7,3958.3,1187.3,33.3,-100.0,38.87687091,88.544346,1.003828158,-17.77777778,38.30846334,35.47622013,109.62,172.7708643,103.8118351,18.32407802,26.99450164,0.3987325935067498,1.198323143404211,3.8552406884078634,3.690379829487672,5.6361651448920895,3.6456708467099617,4.697019839617971,0.0120782129899669,0.3259316567667076,1.682636667149814,-0.1934722989509212,0.8702217380192163,0.2190002173948877,0.1463058394259384,0,0,0
2022-09-01,131.99,0.43,1.053838881,34.0,48.56671824,3.359950007,1.494042163,21.15156647,8892.733564,6788.241754,9735.721478,9183.627382,5888.566738,0.5,3942.7,2880.4,763.7,118.1,inf,-17.00801987,-27.23138721,-35.6775878,254.6546547,39.03709446,36.61500458,109.62,158.1736384,97.77195427,18.10525277,17.58538976,0.4014853078652832,1.2119260949953738,3.882938486440516,3.0517139675250404,3.5263605246161616,3.664512334082614,4.697019839617971,0.0650461560770816,0.2709412594100078,1.664804818021211,-0.9760502696068863,-1.2673182042347175,0.2081670482457283,0.1463058394259384,0,0,0
2022-10-01,143.16,0.42,1.158135972,527.1428571,46.80036463,3.312743997,1.660722777,35.42028986,9992.260063,6910.2395,9718.445148,9521.512762,5769.498635,4.9,3620.1,3739.8,841.2,34.5,880.0,-8.182210161,29.83613387,10.14796386,-70.78746825,38.04914995,36.90201187,109.62,146.1725229,96.08712093,18.05039219,18.43852103,0.5072529154372932,1.1977768480713131,3.845890994132566,3.5672848158333426,6.267471587897959,3.63887874371649,4.697019839617971,0.2537644259188605,0.2061597122045054,1.6351121871347485,-0.1111959311468031,1.4468060718177922,0.1341571328389541,0.1463058394259384,0,0,0
2022-11-01,116.72,0.37,1.279485171,287.4603175,43.63970503,3.386526007,1.352505695,45.69892473,10000.0,6146.886224,9724.397112,9264.571253,4875.841599,0.0,4325.9,2995.4,1053.6,27.9,-100.0,19.49669899,-19.90480774,25.24964337,-19.13043478,41.33011716,37.08543966,122.44,139.4413605,100.9167883,18.46448965,24.02304322,0.3019589424505218,1.2198046192535503,3.775967401776124,3.822074768739325,5.661084824623972,3.7215914632643607,4.807621114077212,0.0570350893555832,0.3961707338679515,1.4573703215986882,0.4047480050832854,0.7221032517948176,0.2198514769609838,0.2440023552473551,0,0,0
2022-12-01,111.2,0.24,1.347294151,47.77777778,57.25665602,3.276589334,1.312943562,41.28735632,5327.203894,7168.636458,9735.766651,9028.570766,4792.306338,0.9,3286.5,1991.4,1183.6,43.5,inf,-24.02737003,-33.51806103,12.33864844,55.91397849,38.94502867,40.22942995,122.44,130.9180477,107.6032809,18.8700067,22.84769688,0.2722716103907274,1.1868030441951631,4.047543898034483,3.720556310722963,3.866560631397901,3.662151130538029,4.807621114077212,0.0730961133626657,0.141961293997209,1.683887254405685,0.1300046140747115,-1.1782076688530485,0.1622133837382082,0.2434812776471124,0,0,0
2023-01-01,104.27,0.29,1.085524555,620.0,47.34498929,3.425900409,1.431582234,108.9393939,8792.924037,6187.437227,9879.183968,7728.719248,4614.332609,0.1,5181.9,4717.3,1281.1,6.6,-88.88888889,57.67229576,136.8835995,8.237580264,-84.82758621,39.99392419,41.91813135,122.44,119.2948354,114.0137747,19.66191218,25.1669974,0.3587802899416993,1.2313643303025288,3.8574609912235887,4.690791708327054,6.429719478039138,3.688727547326685,4.807621114077212,0.0169242172101975,0.2456942461680719,1.4017631480077632,0.6845650851085638,1.2552939666739509,0.1643593472481401,0.2377672732166882,0,0,0
2023-02-01,120.99,0.33,-0.222081233,158.3333333,70.04395199,3.53633328,1.445431318,48.94409938,10000.0,5715.026854,9470.232155,9040.928363,4046.934989,0.6,2707.5,1257.8,821.9,16.1,500.0,-47.75082499,-73.33644246,-35.84419639,143.9393939,37.31816588,40.6749994,122.81,110.5301241,112.0426729,19.57133892,26.22548548,0.3684077669905265,1.2630903937274902,4.249122930583116,3.890678817890304,5.064702515156005,3.619480229005106,4.810638445622293,0.0045552151197548,0.2248940887880883,1.8594606093510155,-0.164288616253005,-0.2244823679205021,0.1079525360031827,0.2407846047617692,0,0,0
2023-03-01,105.38,0.36,-1.166649133,435.2083333,69.65124048,3.454371363,1.343000849,25.69811321,9990.430624,8269.872919,9687.525061,9146.249375,4373.556638,4.8,4490.2,2715.4,1530.9,53.0,700.0,65.84302862,115.8848784,86.26353571,229.1925466,39.75522479,39.35192306,122.81,103.4658415,108.4014859,19.47964691,24.07953988,0.2949065497076915,1.239640490737096,4.2435005102610415,3.246417573252784,6.075824843566129,3.682741273720557,4.810638445622293,-0.1933031885916293,0.035455236780181,0.5682382834274109,-0.8356568963281199,0.3769323540897407,0.1687830033340405,0.2407846047617692,0,0,0
2023-04-01,106.81,0.37,-1.310541712,431.6666667,60.88661107,2.802459839,1.578800168,39.53736655,10000.0,8003.878256,9398.407313,7678.138393,4755.399932,2.4,6907.2,1593.6,715.1,28.1,-50.0,53.82833727,-41.31251381,-53.28891502,-46.98113208,41.22130268,37.67608881,122.81,109.2643708,107.37743,19.6863885,23.02799775,0.4566651712164808,1.030497545442228,4.10901329947774,3.677246213349435,6.067653685542749,3.718955178068234,4.810638445622293,-0.0155394016748596,-0.2546398792546946,0.7106676966073944,-0.934313770329784,-0.1292603302078045,0.1627394251319467,0.2407846047617692,0,0,0
2023-05-01,108.47,0.3,-1.588840577,385.2910053,51.41973955,2.355544881,1.551635334,79.3902439,0.0,7835.977864,9408.479314,7396.959419,4609.0618,0.0,4561.4,2914.4,776.6,16.4,-100.0,-33.96166319,82.8815261,8.600195777,-41.63701068,41.64724358,36.73682113,122.81,96.90788942,100.5160266,20.09394501,28.91025641,0.4393094289461925,0.8567720726805361,3.940022136675168,4.37437548790764,5.953998906693127,3.7292351858706017,4.810638445622293,-0.037081905402493,-0.3761502343210756,0.4059555951161875,0.2324482106657139,-0.3418050804490606,0.2354851355731004,0.2407846047617692,0,0,0
2023-06-01,110.53,0.29,-1.117537424,338.9153439,43.53435982,2.389112377,1.54159395,48.8372093,0.0,7631.149717,9617.58181,7987.860449,4593.289833,0.0,4838.5,3828.2,687.6,30.1,,6.074889288,31.35465276,-11.46021118,83.53658537,40.3099624,34.7677906,130.47,95.17403636,101.2174071,20.02600979,23.08493654,0.4328169136162865,0.8709219065843642,3.77355050722242,3.8884925079703327,5.825750353185618,3.696598644357615,4.871143315277656,0.0762163331424481,-0.3883719264561599,0.3685671338134844,-0.0590897994724661,2.4671125859422585,0.2112600141423195,0.3012894744171328,0,0,0
2023-07-01,107.45,0.38,-0.946842749,292.5396825,47.93975069,2.172082278,1.452215697,26.36597938,10000.0,6581.520772,9677.427017,8591.097399,4443.536682,0.0,3754.4,2683.6,749.2,38.8,,-22.40570425,-29.89916932,8.958696917,28.90365449,39.13920888,33.28778143,130.47,100.8588161,101.5937462,19.82802074,27.21870893,0.3730904570227927,0.7756862825696835,3.8699450285338086,3.2720745192676577,5.678600324136688,3.667124749193393,4.871143315277656,-0.012759160438037,-0.387601461610058,0.3298300028450436,-0.6724993318500734,-0.5881652784062261,0.1056964961598549,0.3012894744171328,0,0,0
2023-08-01,101.14,0.25,-1.073744214,246.1640212,47.31154141,2.00165426,1.514120952,49.53736655,8715.814507,6514.471621,8850.313681,8492.679596,4662.800155,0.0,5216.0,3385.2,676.3,28.1,,38.93032176,26.14398569,-9.730379071,-27.57731959,38.63933521,31.27555736,141.38,108.7120064,99.63759487,20.32061567,19.18864158,0.4148350408599651,0.6939739686764352,3.856754270173392,3.902727264594176,5.505998066596967,3.6542708044861696,4.951451300742808,0.0161024473532153,-0.5043491747277757,0.0015135817655291,0.2123474351065049,-0.1301670782951225,0.0085999577762079,0.2544314611248373,0,0,0
2023-09-01,98.63,0.5,-0.659267858,199.7883598,32.58795708,1.958933942,1.489302195,69.11111111,0.0,8252.991212,9296.208217,9359.474531,4919.407368,0.0,4482.3,1928.6,715.1,4.5,,-14.06633436,-43.0284769,5.737098921,-83.98576512,37.69466778,32.50679339,141.38,117.7293065,101.1571458,20.82729404,20.7462718,0.3983076847553724,0.6724004181284212,3.4839428053983075,4.235715515386882,5.297258605258057,3.6295186462543536,4.951451300742808,-0.0031776231099108,-0.5395256768669526,-0.3989956810422082,1.184001547861842,1.7708980806418957,-0.0349936878282601,0.2544314611248373,0,0,0
2023-10-01,197.89,0.27,-0.375097769,153.4126984,33.22759438,1.858804754,1.310922541,24.58980044,8828.125,7696.982611,9567.929229,8765.517123,4994.166102,0.0,2868.7,2381.1,919.2,45.1,,-35.99937532,23.46261537,28.54146273,902.2222222,37.94016187,32.36131954,141.38,115.6835987,98.45993011,19.80056725,19.37125545,0.2707311191306244,0.6199336757894354,3.503380686727645,3.202331740701067,5.033131665168126,3.6360102309711455,4.951451300742808,-0.2365217963066688,-0.5778431722818778,-0.3425103074049209,-0.3649530751322754,-1.2343399227298333,-0.0028685127453442,0.2544314611248373,0,0,0
2023-11-01,156.7,0.28,0.160778058,107.037037,34.53900709,1.839251427,1.116784038,18.4582744,10000.0,8160.849628,9596.507524,9588.027754,5059.074294,0.0,2509.8,3697.7,1704.0,70.7,,-12.51089344,55.29377179,85.37859008,56.76274945,32.28069837,27.58453419,149.63,106.1951429,101.15884,20.62825563,23.73494434,0.110453160302054,0.6093586556896612,3.5420893256348123,2.915512746915569,4.673174914756128,3.4744694779260845,5.008165580195328,-0.1915057821484677,-0.6104459635638891,-0.2338780761413117,-0.9065620218237548,-0.9879099098678434,-0.2471219853382762,0.2005444661181163,0,0,0
2023-12-01,142.28,0.15,-0.167651826,60.66137566,28.70446,1.982119179,1.149352299,42.30215827,10000.0,8693.215324,9777.777986,9357.626446,4743.379495,0.0,3085.2,7617.1,787.4,27.8,,22.92612957,105.9956189,-53.79107981,-60.67892504,29.7956925,29.44543677,149.63,99.60816189,102.3837949,20.76026602,24.80910335,0.1391985654473055,0.6841665647761043,3.357052511389002,3.7448381076820487,4.105307180209684,3.3943638360835715,5.008165580195328,-0.1330730449434218,-0.5026364794190589,-0.6904913866454812,0.0242817969590856,0.2387465488117839,-0.2677872944544579,0.2005444661181163,0,0,0
2024-01-01,160.37,0.34,-0.342596445,14.28571429,30.06720119,3.121693122,2.594202899,49.921875,10000.0,7802.592544,1973.570813,5321.151025,6048.696981,0.7,2157.7,37.8,138.0,12.8,inf,-30.06288085,-99.50374815,-82.47396495,-53.95683453,34.32484554,31.49959998,149.63,101.1792882,102.0342945,20.43843496,21.34759083,0.95327930141668,1.1383755219384275,3.403434916180358,3.910459283451963,2.659260037232778,3.535869451716743,5.008165580195328,0.5944990114749806,-0.092988808364101,-0.4540260750432305,-0.7803324248750907,-3.77045944080636,-0.1528580956099414,0.2005444661181163,0,0,0
2024-02-01,146.6,0.16,-0.193587832,70.71428571,29.3905793,2.212331025,1.513033623,105.6578947,0.0,6478.937749,5977.842977,9437.126812,7397.337816,0.0,2290.7,303.3,529.4,7.6,-100.0,6.163970895,702.3809524,283.6231884,-40.625,34.35950752,31.40217614,149.47,102.2206819,100.1111301,19.68021038,18.65243639,0.4141166572955831,0.7940467221020346,3.3806741910225524,4.660206466305784,4.258647613452771,3.536878764068052,5.007095703797723,0.0457088903050565,-0.4690436716254555,-0.8684487395605638,0.7695276484154796,-0.8060549017032343,-0.0826014649370536,0.19645725817543,0,0,0
2024-03-01,133.21,0.27,-0.356043957,127.1428571,23.5540721,1.916194587,1.138014528,35.57142857,7551.020408,9632.607199,8892.714881,8449.255062,4987.15182,0.0,1123.5,1112.1,784.7,35.0,,-50.9538569,266.6666667,48.22440499,360.5263158,32.16614867,28.70186208,149.47,104.2348199,101.4717635,19.71686206,19.52468143,0.1292851018792417,0.6503412333689405,3.159298718465873,3.5715427473692336,4.845311313333793,3.470914616023851,5.007095703797723,-0.1656214478284497,-0.5892992573681555,-1.0842017917951683,0.32512517411645,-1.2305135302323356,-0.2118266576967062,0.19645725817543,0,0,0
2024-04-01,163.95,0.27,-0.960480972,183.5714286,20.39123217,1.873364944,1.248714433,53.5326087,5200.0,4813.123807,8922.611903,6791.952701,4084.217578,0.0,2650.6,2446.4,1166.8,18.4,,135.9234535,119.9802176,48.69376832,-47.42857143,33.54022927,28.64361702,149.47,109.5943911,110.531645,19.13913719,19.8246868,0.2221145684929219,0.6277362491164776,3.0151050128733385,3.980290976638367,5.212603848429649,3.512745592090244,5.007095703797723,-0.2345506027235589,-0.4027612963257504,-1.093908286604401,0.3030447632889324,-0.8550498371130999,-0.20620958597799,0.19645725817543,0,0,0
2024-05-01,130.52,0.26,-0.586139527,240.0,17.62012173,1.823081133,1.168575519,48.38095238,8828.125,6184.759262,9402.487613,7367.503969,4633.559892,0.2,2793.0,2375.1,558.8,21.0,inf,5.37236852,-2.914486593,-52.10833048,14.13043478,30.43537128,26.19198344,149.62,102.6190069,116.6368592,19.27244365,19.0074888,0.1557855019199643,0.6005279999173888,2.8690415291107296,3.8791061903953192,5.480638923341991,3.4156054609843425,5.008098746444259,-0.2835239270262283,-0.2562440727631473,-1.0709806075644388,-0.4952692975123209,-0.4733599833511359,-0.3136297248862592,0.1974603008219659,0,0,0
2024-06-01,113.09,0.34,-0.35148554,250.0,14.9047014,1.785888275,1.122438144,22.69709544,6352.0,8193.149085,9040.356203,8062.92062,4665.250711,0.1,3384.1,2463.2,941.7,48.2,-50.0,21.16362334,3.709317502,68.5218325,129.5238095,25.8484164,26.52501206,149.62,103.7664007,110.6184059,18.92561199,20.544527,0.1155032335479759,0.5799159245065583,2.7016766933835705,3.1222369621155,5.521460917862246,3.252249337956042,5.008098746444259,-0.3173136800683105,-0.2910059820778059,-1.0718738138388493,-0.766255545854833,-0.3042894353233718,-0.4443493064015729,0.1369554311666023,0,0,0
2024-07-01,92.39,0.19,-0.048609942,142.8571429,15.92615686,1.671711373,1.012327232,31.2745098,6800.0,8603.025991,9460.048228,9022.616794,4943.998683,0.0,2245.3,2874.3,803.1,40.8,-100.0,-33.65148784,16.68967197,-14.71806308,-15.3526971,25.18418582,29.41253794,149.62,105.9795658,106.8357888,19.40065098,18.13109123,0.0122518703770103,0.5138478759574784,2.767962843089776,3.4428033823692274,4.961845130226824,3.2262162507020538,5.008098746444259,-0.3608385866457823,-0.2618384066122051,-1.101982185444033,0.1707288631015697,-0.7167551939098633,-0.4409084984913392,0.1369554311666023,0,0,0
2024-08-01,140.98,0.17,0.206169078,35.71428571,13.449553,1.745645024,1.32567469,35.54666667,6800.0,4750.36812,8528.436237,6350.247574,4076.624933,0.7,1566.0,820.9,548.4,37.5,inf,-30.254309,-71.44000278,-31.7146059,-8.088235294,24.29545365,27.13517695,127.42,102.6461609,103.4964347,19.02921247,19.48477661,0.281921529839858,0.5571241286146353,2.5989458712948363,3.570846387296117,3.575550768686933,3.190289240249908,4.847488716688342,-0.1329135110201071,-0.1368498400617999,-1.2578083988785551,-0.3318808772980595,-1.930447297910034,-0.4639815642362617,-0.1039625840544662,0,0,0
2024-09-01,130.36,0.27,0.101886118,34.58333333,12.93520405,1.645529486,1.097096621,45.57522124,10000.0,7168.601932,9085.91537,8390.017928,5747.24186,0.0,3043.4,1261.6,840.4,33.9,-100.0,94.34227331,53.6849799,53.24580598,-9.6,25.0138335,27.34216379,127.42,95.37315593,105.3944306,18.63470075,22.73363618,0.0926672548985466,0.4980622084142146,2.559952590542559,3.8193641749687424,3.5433718703463124,3.2194290118320743,4.847488716688342,-0.3056404298568257,-0.1743382097142066,-0.9239902148557486,-0.41635134041814,-1.7538867349117448,-0.4100896344222793,-0.1039625840544662,0,0,0
2024-10-01,130.69,0.4,-0.349705463,33.45238095,12.74869838,1.828606443,1.023434397,84.90322581,10000.0,6247.165176,8707.180996,8088.963046,5126.881219,0.0,2516.1,1142.4,755.3,15.5,,-17.32601695,-9.448319594,-10.12613041,-54.27728614,28.33267517,26.08135056,127.42,97.67069301,110.6470051,18.10354865,20.29691086,0.0231640273380066,0.6035541702025526,2.545429178549979,4.441512088001855,3.5101229634133038,3.344015738258285,4.847488716688342,-0.2475670917926177,-0.0163795055868827,-0.9579515081776656,1.239180347300788,-1.5230087017548226,-0.2919944927128606,-0.1039625840544662,0,0,0
2024-11-01,128.9,0.85,-0.283382222,32.32142857,15.81582423,1.738440893,1.276346604,54.61956522,3719.008264,6606.986648,8971.297014,7928.28263,4972.198708,0.0,832.9,1639.4,768.6,36.8,,-66.89718215,43.50490196,1.760889713,137.4193548,24.33149178,25.07265522,135.71,96.51379612,107.1721004,17.02132623,23.83594411,0.2440017812658121,0.5529886730382221,2.7610109723771226,4.000392155925997,3.4757304334805235,3.1917714693424126,4.910520256093279,0.1335486209637581,-0.0563699826514391,-0.7810783532576897,1.0848794090104277,-1.1974444812756049,-0.2826980085836719,-0.0976453241020491,0,0,0
2024-12-01,142.37,0.54,-0.264667962,31.19047619,12.64125371,1.674970466,1.109057301,62.75229358,7812.5,6697.085738,9194.752439,6867.619987,5394.747529,0.0,2361.0,1946.9,703.3,21.8,,183.467403,18.75686227,-8.495966693,-40.76086957,23.49247197,24.37562808,135.71,96.48994286,105.9495869,16.61735763,21.91591387,0.1035103761046648,0.515795532882774,2.536965569717835,4.139195128419616,3.4401127978965618,3.156680028127622,4.910520256093279,-0.0356881893426407,-0.1683710318933302,-0.8200869416711671,0.3943570207375675,-0.6651943823131226,-0.2376838079559493,-0.0976453241020491,0,0,0
2025-01-01,113.23,0.35,-0.181086603,30.05952381,13.93883644,1.641781642,1.038537465,86.8452381,0.0,6134.116072,9311.100365,9528.95294,6040.637371,0.0,3315.7,1587.3,1165.1,16.8,,40.43625582,-18.47038882,65.66187971,-22.93577982,25.04411902,27.87188624,135.71,103.5296132,105.9846952,16.93520996,16.42520241,0.0378134397545608,0.4957820192395955,2.634678932695119,4.464127662168405,3.4031795428819884,3.2206390303074843,4.910520256093279,-0.9154658616621192,-0.6425935026988323,-0.7687559834852391,0.5536683787164418,0.7439195056492105,-0.3152304214092587,-0.0976453241020491,0,0,0
2025-02-01,136.97,0.33,-0.002936295,28.92857143,15.44152369,1.989756542,1.297001428,48.06338028,10000.0,7207.459012,9210.587828,7341.0824,3803.668371,0.0,2541.2,1425.3,840.4,28.4,,-23.35856682,-10.20601021,-27.86885246,69.04761905,26.63071213,26.27179057,135.1,99.15870816,109.6426075,16.79830644,20.58108445,0.2600550063360137,0.6880122905486492,2.737060224313119,3.872520562416735,3.3648297375406635,3.282065141113051,4.906015244966153,-0.1540616509595693,-0.1060344315533854,-0.6436139667094336,-0.7876859038890491,-0.8938178759121076,-0.2548136229550009,-0.1010804588315696,0,0,0
2025-03-01,173.91,0.39,-0.185382003,27.79761905,13.78528765,1.864495798,0.969564659,46.16541353,0.0,8180.957832,9492.685423,8604.385773,5239.790343,0.0,3181.0,2475.2,1557.4,26.6,,25.17708169,73.66168526,85.31651594,-6.338028169,25.15973995,26.00462557,135.1,95.05747038,111.8408481,17.54871808,18.2210121,-0.0309081133825249,0.6229906669468833,2.623601911142344,3.832230892836373,3.324950371345337,3.225245095928268,4.906015244966153,-0.1601932152617667,-0.0273505664220571,-0.5356968073235291,0.2606881454671388,-1.5203609419884558,-0.2456695200955829,-0.1010804588315696,0,0,0
2025-04-01,140.97,0.32,-0.249671229,26.66666667,11.73895695,1.839062975,1.272371116,31.83838384,7812.5,7176.063886,9189.077234,8114.886038,5313.111971,0.3,2506.1,3287.0,1123.1,49.5,inf,-21.21659855,32.79734971,-27.88622062,86.09022556,29.13983841,25.2850139,135.1,87.89168434,103.9627385,18.08150405,17.33125553,0.2408821802265172,0.6092561891902981,2.462912964626691,3.460672600893941,3.283414346130772,3.372106255453125,4.906015244966153,0.0187676117335953,-0.0184800599261795,-0.5521920482466474,-0.5196183757444262,-1.9291895022988768,-0.1406393366371192,-0.1010804588315696,0,0,0
2025-05-01,165.66,0.32,0.276992913,27.77777778,9.296703297,1.649245064,1.543693058,113.6607143,10000.0,6805.857636,9486.258528,6428.89175,9431.444917,0.0,2138.5,2927.4,779.3,11.2,-100.0,-14.66820957,-10.94006693,-30.61169976,-77.37373737,28.41377446,25.80933838,126.24,84.04538713,106.8064513,18.44947762,16.45953865,0.4341776352077903,0.5003176462408151,2.229659853121288,4.733217820382045,3.324236340606027,3.3468740437820057,4.838184857097564,0.2783921332878261,-0.1002103536765737,-0.6393816759894415,0.8541116299867255,-2.1564025827359643,-0.0687314172023367,-0.1699138893466951,0,0,0
2025-06-01,222.38,0.42,0.084301607,28.88888889,13.57242569,1.912587723,1.276314047,132.0,10000.0,8860.910355,7969.603114,7660.89599,9953.461457,0.0,2435.6,1125.7,755.3,6.5,,13.8929156,-61.54608185,-3.079686898,-41.96428571,26.35070242,27.57728037,126.24,92.18303852,108.6586539,18.05879972,17.30434783,0.2439762729790064,0.6484571539019326,2.608040211741037,4.882801922586371,3.3634570537177697,3.2714949319375743,4.838184857097564,0.1284730394310305,0.0685412293953743,-0.0936364816425334,1.7605649604708709,-2.1580038641444763,0.0192455939815321,-0.1699138893466951,0,0,0
2025-07-01,134.02,0.35,0.023443848,30.0,10.56607406,1.616894198,1.255900443,131.5254237,10000.0,6810.111951,9202.886618,7080.105437,9745.290413,0.1,3116.2,3281.6,699.1,5.9,inf,27.94383314,191.5163898,-7.440752019,-9.230769231,24.89555231,25.05585722,126.24,91.6569053,110.2950259,18.07221815,17.30444973,0.2278527997769722,0.4805071474091202,2.3576483079925925,4.879200169052472,3.4011973816621555,3.214689165427483,4.838184857097564,0.2156009293999618,-0.0333407285483581,-0.4103145350971831,1.436396786683245,-1.5606477485646688,-0.0115270852745705,-0.1699138893466951,0,0,0
2025-08-01,138.56,0.27,-0.084761889,610.0,10.46657572,1.808241181,1.427555808,52.05574913,9677.506047,9039.881104,8973.71748,7375.220235,6400.550887,0.1,4764.5,1618.7,703.3,28.7,0.0,52.89455106,-50.67345197,0.600772422,386.440678,25.63707825,24.78355126,126.24,88.08402978,109.9925145,18.54849583,16.68506106,0.3559637567050325,0.5923546496442499,2.348186915036373,3.952315242947937,6.413458957167357,3.244039672751242,4.838184857097564,0.0740422268651745,0.0352305210296145,-0.2507589562584638,0.38146885565182,2.8379081884804243,0.0537504325013342,-0.0093038595907781,0,0,0
2025-09-01,125.87,0.24,-0.022718688,610.0,10.078125,1.330785268,1.358088362,74.22885572,5555.555556,8176.747458,8709.438336,8357.538856,5258.060864,0.0,1446.4,1439.0,581.7,20.1,-100.0,-69.64214503,-11.1015012,-17.28991895,-29.96515679,25.24972633,23.06102285,126.24,87.58423866,113.1429056,18.67752269,16.78191879,0.3060780947663766,0.2857691950678486,2.3103672334361005,4.30715296567991,6.413458957167357,3.228815317246791,4.838184857097564,0.2134108398678299,-0.212293013346366,-0.2495853571064583,0.4877887907111673,2.870087086821045,0.0093863054147167,-0.0093038595907781,0,0,0
2025-10-01,154.51,0.33,-0.07912692,610.0,8.418136275,1.803891051,1.385058342,90.37878788,10000.0,6083.292631,8387.842901,8077.63025,6187.961488,0.0,3952.3,642.5,659.9,13.2,,173.2508296,-55.35093815,13.44335568,-34.32835821,23.54467859,23.62889044,126.24,84.28490825,119.3231442,18.62422507,16.23882823,0.3257422629398288,0.5899460268011792,2.1303884587419364,4.504009592519003,6.413458957167357,3.1588998327210525,4.838184857097564,0.302578235601822,-0.0136081434013733,-0.4150407198080428,0.0624975045171476,2.903335993754054,-0.1851159055372324,-0.0093038595907781,0,0,0
2025-11-01,104.34,0.2,-0.149569639,610.0,9.369352121,1.563060858,1.807369403,38.59247136,10000.0,7167.33612,7532.235956,7073.115505,5065.882949,0.0,2611.6,1225.8,428.8,61.1,,-33.92202009,90.78599222,-35.02045765,362.8787879,25.97060018,24.92128442,127.28,83.95930884,119.8887438,18.65161259,16.29019918,0.5918724196050128,0.4466459873415962,2.237443949889659,3.653057214960479,6.413458957167357,3.2569651359197427,4.846389384029531,0.3478706383392006,-0.1063426856966258,-0.5235670224874638,-0.347334940965518,2.937728523686834,0.06519366657733,-0.0641308720637479,0,0,0
2025-12-01,131.39,0.2,0.555711537,610.0,9.926049739,1.398392063,1.408511248,54.66494845,10000.0,6959.35258,8529.723461,8650.072597,4449.972781,0.0,1974.3,1169.2,697.9,38.8,,-24.40266503,-4.617392723,62.75652985,-36.49754501,24.3281323,24.73444425,128.08,82.91706473,126.2690171,18.19238146,19.35640931,0.3425332941029008,0.3353230501307154,2.2951625881339552,4.001222707869448,6.413458957167357,3.1916333885385075,4.85265506868846,0.239022917998236,-0.1804724827520585,-0.2418029815838798,-0.1379724205501684,2.9733461592707955,0.0349533604108853,-0.0578651874048192,0,0,0
